Target,Target_Namespace,Target_Type,Target_Method,Job_Id,Job_AnalyzeLaunchVariance,Job_EvaluateOverhead,Job_MaxAbsoluteError,Job_MaxRelativeError,Job_MinInvokeCount,Job_MinIterationTime,Job_OutlierMode,Job_Affinity,Job_EnvironmentVariables,Job_Jit,Job_Platform,Job_PowerPlanMode,Job_Runtime,Job_AllowVeryLargeObjects,Job_Concurrent,Job_CpuGroups,Job_Force,Job_HeapAffinitizeMask,Job_HeapCount,Job_NoAffinitize,Job_RetainVm,Job_Server,Job_Arguments,Job_BuildConfiguration,Job_Clock,Job_EngineFactory,Job_NuGetReferences,Job_Toolchain,Job_IsMutator,Job_InvocationCount,Job_IterationCount,Job_IterationTime,Job_LaunchCount,Job_MaxIterationCount,Job_MaxWarmupIterationCount,Job_MinIterationCount,Job_MinWarmupIterationCount,Job_RunStrategy,Job_UnrollFactor,Job_WarmupCount,Job_Display,Params,Measurement_LaunchIndex,Measurement_IterationMode,Measurement_IterationStage,Measurement_IterationIndex,Measurement_Nanoseconds,Measurement_Operations,Measurement_Value,Gen_0,Gen_1,Gen_2,Allocated_Bytes
DriveHelperPerfTestRunner.GetFixedDrives,dotNetTips.Utility.Benchmarks.IO,DriveHelperPerfTestRunner,GetFixedDrives,Job-SOGKAI,Default,True,Default,Default,Default,Default,Default,Default,Default,Default,Default,Default,Default,Default,Default,Default,Default,Default,Default,Default,Default,True,Default,Default,Default,Default,Default,.NET Core 3.1,Default,Default,Default,Default,Default,Default,Default,Default,Default,Default,Default,Default,"Job-SOGKAI(EvaluateOverhead=True, Server=True, Toolchain=.NET Core 3.1)",,1,Overhead,Jitting,1,215400,1,215400,1,0,0,680
DriveHelperPerfTestRunner.GetFixedDrives,dotNetTips.Utility.Benchmarks.IO,DriveHelperPerfTestRunner,GetFixedDrives,Job-SOGKAI,Default,True,Default,Default,Default,Default,Default,Default,Default,Default,Default,Default,Default,Default,Default,Default,Default,Default,Default,Default,Default,True,Default,Default,Default,Default,Default,.NET Core 3.1,Default,Default,Default,Default,Default,Default,Default,Default,Default,Default,Default,Default,"Job-SOGKAI(EvaluateOverhead=True, Server=True, Toolchain=.NET Core 3.1)",,1,Workload,Jitting,1,18851000,1,18851000,1,0,0,680
DriveHelperPerfTestRunner.GetFixedDrives,dotNetTips.Utility.Benchmarks.IO,DriveHelperPerfTestRunner,GetFixedDrives,Job-SOGKAI,Default,True,Default,Default,Default,Default,Default,Default,Default,Default,Default,Default,Default,Default,Default,Default,Default,Default,Default,Default,Default,True,Default,Default,Default,Default,Default,.NET Core 3.1,Default,Default,Default,Default,Default,Default,Default,Default,Default,Default,Default,Default,"Job-SOGKAI(EvaluateOverhead=True, Server=True, Toolchain=.NET Core 3.1)",,1,Overhead,Jitting,2,209300,16,13081.25,1,0,0,680
DriveHelperPerfTestRunner.GetFixedDrives,dotNetTips.Utility.Benchmarks.IO,DriveHelperPerfTestRunner,GetFixedDrives,Job-SOGKAI,Default,True,Default,Default,Default,Default,Default,Default,Default,Default,Default,Default,Default,Default,Default,Default,Default,Default,Default,Default,Default,True,Default,Default,Default,Default,Default,.NET Core 3.1,Default,Default,Default,Default,Default,Default,Default,Default,Default,Default,Default,Default,"Job-SOGKAI(EvaluateOverhead=True, Server=True, Toolchain=.NET Core 3.1)",,1,Workload,Jitting,2,884100,16,55256.25,1,0,0,680
DriveHelperPerfTestRunner.GetFixedDrives,dotNetTips.Utility.Benchmarks.IO,DriveHelperPerfTestRunner,GetFixedDrives,Job-SOGKAI,Default,True,Default,Default,Default,Default,Default,Default,Default,Default,Default,Default,Default,Default,Default,Default,Default,Default,Default,Default,Default,True,Default,Default,Default,Default,Default,.NET Core 3.1,Default,Default,Default,Default,Default,Default,Default,Default,Default,Default,Default,Default,"Job-SOGKAI(EvaluateOverhead=True, Server=True, Toolchain=.NET Core 3.1)",,1,Workload,Pilot,1,644300,16,40268.75,1,0,0,680
DriveHelperPerfTestRunner.GetFixedDrives,dotNetTips.Utility.Benchmarks.IO,DriveHelperPerfTestRunner,GetFixedDrives,Job-SOGKAI,Default,True,Default,Default,Default,Default,Default,Default,Default,Default,Default,Default,Default,Default,Default,Default,Default,Default,Default,Default,Default,True,Default,Default,Default,Default,Default,.NET Core 3.1,Default,Default,Default,Default,Default,Default,Default,Default,Default,Default,Default,Default,"Job-SOGKAI(EvaluateOverhead=True, Server=True, Toolchain=.NET Core 3.1)",,1,Workload,Pilot,2,1210700,32,37834.38,1,0,0,680
DriveHelperPerfTestRunner.GetFixedDrives,dotNetTips.Utility.Benchmarks.IO,DriveHelperPerfTestRunner,GetFixedDrives,Job-SOGKAI,Default,True,Default,Default,Default,Default,Default,Default,Default,Default,Default,Default,Default,Default,Default,Default,Default,Default,Default,Default,Default,True,Default,Default,Default,Default,Default,.NET Core 3.1,Default,Default,Default,Default,Default,Default,Default,Default,Default,Default,Default,Default,"Job-SOGKAI(EvaluateOverhead=True, Server=True, Toolchain=.NET Core 3.1)",,1,Workload,Pilot,3,2381600,64,37212.5,1,0,0,680
DriveHelperPerfTestRunner.GetFixedDrives,dotNetTips.Utility.Benchmarks.IO,DriveHelperPerfTestRunner,GetFixedDrives,Job-SOGKAI,Default,True,Default,Default,Default,Default,Default,Default,Default,Default,Default,Default,Default,Default,Default,Default,Default,Default,Default,Default,Default,True,Default,Default,Default,Default,Default,.NET Core 3.1,Default,Default,Default,Default,Default,Default,Default,Default,Default,Default,Default,Default,"Job-SOGKAI(EvaluateOverhead=True, Server=True, Toolchain=.NET Core 3.1)",,1,Workload,Pilot,4,5229100,128,40852.34,1,0,0,680
DriveHelperPerfTestRunner.GetFixedDrives,dotNetTips.Utility.Benchmarks.IO,DriveHelperPerfTestRunner,GetFixedDrives,Job-SOGKAI,Default,True,Default,Default,Default,Default,Default,Default,Default,Default,Default,Default,Default,Default,Default,Default,Default,Default,Default,Default,Default,True,Default,Default,Default,Default,Default,.NET Core 3.1,Default,Default,Default,Default,Default,Default,Default,Default,Default,Default,Default,Default,"Job-SOGKAI(EvaluateOverhead=True, Server=True, Toolchain=.NET Core 3.1)",,1,Workload,Pilot,5,9424400,256,36814.06,1,0,0,680
DriveHelperPerfTestRunner.GetFixedDrives,dotNetTips.Utility.Benchmarks.IO,DriveHelperPerfTestRunner,GetFixedDrives,Job-SOGKAI,Default,True,Default,Default,Default,Default,Default,Default,Default,Default,Default,Default,Default,Default,Default,Default,Default,Default,Default,Default,Default,True,Default,Default,Default,Default,Default,.NET Core 3.1,Default,Default,Default,Default,Default,Default,Default,Default,Default,Default,Default,Default,"Job-SOGKAI(EvaluateOverhead=True, Server=True, Toolchain=.NET Core 3.1)",,1,Workload,Pilot,6,19674700,512,38427.15,1,0,0,680
DriveHelperPerfTestRunner.GetFixedDrives,dotNetTips.Utility.Benchmarks.IO,DriveHelperPerfTestRunner,GetFixedDrives,Job-SOGKAI,Default,True,Default,Default,Default,Default,Default,Default,Default,Default,Default,Default,Default,Default,Default,Default,Default,Default,Default,Default,Default,True,Default,Default,Default,Default,Default,.NET Core 3.1,Default,Default,Default,Default,Default,Default,Default,Default,Default,Default,Default,Default,"Job-SOGKAI(EvaluateOverhead=True, Server=True, Toolchain=.NET Core 3.1)",,1,Workload,Pilot,7,38504500,1024,37602.05,1,0,0,680
DriveHelperPerfTestRunner.GetFixedDrives,dotNetTips.Utility.Benchmarks.IO,DriveHelperPerfTestRunner,GetFixedDrives,Job-SOGKAI,Default,True,Default,Default,Default,Default,Default,Default,Default,Default,Default,Default,Default,Default,Default,Default,Default,Default,Default,Default,Default,True,Default,Default,Default,Default,Default,.NET Core 3.1,Default,Default,Default,Default,Default,Default,Default,Default,Default,Default,Default,Default,"Job-SOGKAI(EvaluateOverhead=True, Server=True, Toolchain=.NET Core 3.1)",,1,Workload,Pilot,8,74408700,2048,36332.37,1,0,0,680
DriveHelperPerfTestRunner.GetFixedDrives,dotNetTips.Utility.Benchmarks.IO,DriveHelperPerfTestRunner,GetFixedDrives,Job-SOGKAI,Default,True,Default,Default,Default,Default,Default,Default,Default,Default,Default,Default,Default,Default,Default,Default,Default,Default,Default,Default,Default,True,Default,Default,Default,Default,Default,.NET Core 3.1,Default,Default,Default,Default,Default,Default,Default,Default,Default,Default,Default,Default,"Job-SOGKAI(EvaluateOverhead=True, Server=True, Toolchain=.NET Core 3.1)",,1,Workload,Pilot,9,143993800,4096,35154.74,1,0,0,680
DriveHelperPerfTestRunner.GetFixedDrives,dotNetTips.Utility.Benchmarks.IO,DriveHelperPerfTestRunner,GetFixedDrives,Job-SOGKAI,Default,True,Default,Default,Default,Default,Default,Default,Default,Default,Default,Default,Default,Default,Default,Default,Default,Default,Default,Default,Default,True,Default,Default,Default,Default,Default,.NET Core 3.1,Default,Default,Default,Default,Default,Default,Default,Default,Default,Default,Default,Default,"Job-SOGKAI(EvaluateOverhead=True, Server=True, Toolchain=.NET Core 3.1)",,1,Workload,Pilot,10,275453200,8192,33624.66,1,0,0,680
DriveHelperPerfTestRunner.GetFixedDrives,dotNetTips.Utility.Benchmarks.IO,DriveHelperPerfTestRunner,GetFixedDrives,Job-SOGKAI,Default,True,Default,Default,Default,Default,Default,Default,Default,Default,Default,Default,Default,Default,Default,Default,Default,Default,Default,Default,Default,True,Default,Default,Default,Default,Default,.NET Core 3.1,Default,Default,Default,Default,Default,Default,Default,Default,Default,Default,Default,Default,"Job-SOGKAI(EvaluateOverhead=True, Server=True, Toolchain=.NET Core 3.1)",,1,Workload,Pilot,11,516821500,16384,31544.28,1,0,0,680
DriveHelperPerfTestRunner.GetFixedDrives,dotNetTips.Utility.Benchmarks.IO,DriveHelperPerfTestRunner,GetFixedDrives,Job-SOGKAI,Default,True,Default,Default,Default,Default,Default,Default,Default,Default,Default,Default,Default,Default,Default,Default,Default,Default,Default,Default,Default,True,Default,Default,Default,Default,Default,.NET Core 3.1,Default,Default,Default,Default,Default,Default,Default,Default,Default,Default,Default,Default,"Job-SOGKAI(EvaluateOverhead=True, Server=True, Toolchain=.NET Core 3.1)",,1,Overhead,Warmup,1,43400,16384,2.65,1,0,0,680
DriveHelperPerfTestRunner.GetFixedDrives,dotNetTips.Utility.Benchmarks.IO,DriveHelperPerfTestRunner,GetFixedDrives,Job-SOGKAI,Default,True,Default,Default,Default,Default,Default,Default,Default,Default,Default,Default,Default,Default,Default,Default,Default,Default,Default,Default,Default,True,Default,Default,Default,Default,Default,.NET Core 3.1,Default,Default,Default,Default,Default,Default,Default,Default,Default,Default,Default,Default,"Job-SOGKAI(EvaluateOverhead=True, Server=True, Toolchain=.NET Core 3.1)",,1,Overhead,Warmup,2,28200,16384,1.72,1,0,0,680
DriveHelperPerfTestRunner.GetFixedDrives,dotNetTips.Utility.Benchmarks.IO,DriveHelperPerfTestRunner,GetFixedDrives,Job-SOGKAI,Default,True,Default,Default,Default,Default,Default,Default,Default,Default,Default,Default,Default,Default,Default,Default,Default,Default,Default,Default,Default,True,Default,Default,Default,Default,Default,.NET Core 3.1,Default,Default,Default,Default,Default,Default,Default,Default,Default,Default,Default,Default,"Job-SOGKAI(EvaluateOverhead=True, Server=True, Toolchain=.NET Core 3.1)",,1,Overhead,Warmup,3,28300,16384,1.73,1,0,0,680
DriveHelperPerfTestRunner.GetFixedDrives,dotNetTips.Utility.Benchmarks.IO,DriveHelperPerfTestRunner,GetFixedDrives,Job-SOGKAI,Default,True,Default,Default,Default,Default,Default,Default,Default,Default,Default,Default,Default,Default,Default,Default,Default,Default,Default,Default,Default,True,Default,Default,Default,Default,Default,.NET Core 3.1,Default,Default,Default,Default,Default,Default,Default,Default,Default,Default,Default,Default,"Job-SOGKAI(EvaluateOverhead=True, Server=True, Toolchain=.NET Core 3.1)",,1,Overhead,Warmup,4,28400,16384,1.73,1,0,0,680
DriveHelperPerfTestRunner.GetFixedDrives,dotNetTips.Utility.Benchmarks.IO,DriveHelperPerfTestRunner,GetFixedDrives,Job-SOGKAI,Default,True,Default,Default,Default,Default,Default,Default,Default,Default,Default,Default,Default,Default,Default,Default,Default,Default,Default,Default,Default,True,Default,Default,Default,Default,Default,.NET Core 3.1,Default,Default,Default,Default,Default,Default,Default,Default,Default,Default,Default,Default,"Job-SOGKAI(EvaluateOverhead=True, Server=True, Toolchain=.NET Core 3.1)",,1,Overhead,Warmup,5,28300,16384,1.73,1,0,0,680
DriveHelperPerfTestRunner.GetFixedDrives,dotNetTips.Utility.Benchmarks.IO,DriveHelperPerfTestRunner,GetFixedDrives,Job-SOGKAI,Default,True,Default,Default,Default,Default,Default,Default,Default,Default,Default,Default,Default,Default,Default,Default,Default,Default,Default,Default,Default,True,Default,Default,Default,Default,Default,.NET Core 3.1,Default,Default,Default,Default,Default,Default,Default,Default,Default,Default,Default,Default,"Job-SOGKAI(EvaluateOverhead=True, Server=True, Toolchain=.NET Core 3.1)",,1,Overhead,Warmup,6,28800,16384,1.76,1,0,0,680
DriveHelperPerfTestRunner.GetFixedDrives,dotNetTips.Utility.Benchmarks.IO,DriveHelperPerfTestRunner,GetFixedDrives,Job-SOGKAI,Default,True,Default,Default,Default,Default,Default,Default,Default,Default,Default,Default,Default,Default,Default,Default,Default,Default,Default,Default,Default,True,Default,Default,Default,Default,Default,.NET Core 3.1,Default,Default,Default,Default,Default,Default,Default,Default,Default,Default,Default,Default,"Job-SOGKAI(EvaluateOverhead=True, Server=True, Toolchain=.NET Core 3.1)",,1,Overhead,Warmup,7,28400,16384,1.73,1,0,0,680
DriveHelperPerfTestRunner.GetFixedDrives,dotNetTips.Utility.Benchmarks.IO,DriveHelperPerfTestRunner,GetFixedDrives,Job-SOGKAI,Default,True,Default,Default,Default,Default,Default,Default,Default,Default,Default,Default,Default,Default,Default,Default,Default,Default,Default,Default,Default,True,Default,Default,Default,Default,Default,.NET Core 3.1,Default,Default,Default,Default,Default,Default,Default,Default,Default,Default,Default,Default,"Job-SOGKAI(EvaluateOverhead=True, Server=True, Toolchain=.NET Core 3.1)",,1,Overhead,Actual,1,29600,16384,1.81,1,0,0,680
DriveHelperPerfTestRunner.GetFixedDrives,dotNetTips.Utility.Benchmarks.IO,DriveHelperPerfTestRunner,GetFixedDrives,Job-SOGKAI,Default,True,Default,Default,Default,Default,Default,Default,Default,Default,Default,Default,Default,Default,Default,Default,Default,Default,Default,Default,Default,True,Default,Default,Default,Default,Default,.NET Core 3.1,Default,Default,Default,Default,Default,Default,Default,Default,Default,Default,Default,Default,"Job-SOGKAI(EvaluateOverhead=True, Server=True, Toolchain=.NET Core 3.1)",,1,Overhead,Actual,2,28500,16384,1.74,1,0,0,680
DriveHelperPerfTestRunner.GetFixedDrives,dotNetTips.Utility.Benchmarks.IO,DriveHelperPerfTestRunner,GetFixedDrives,Job-SOGKAI,Default,True,Default,Default,Default,Default,Default,Default,Default,Default,Default,Default,Default,Default,Default,Default,Default,Default,Default,Default,Default,True,Default,Default,Default,Default,Default,.NET Core 3.1,Default,Default,Default,Default,Default,Default,Default,Default,Default,Default,Default,Default,"Job-SOGKAI(EvaluateOverhead=True, Server=True, Toolchain=.NET Core 3.1)",,1,Overhead,Actual,3,28200,16384,1.72,1,0,0,680
DriveHelperPerfTestRunner.GetFixedDrives,dotNetTips.Utility.Benchmarks.IO,DriveHelperPerfTestRunner,GetFixedDrives,Job-SOGKAI,Default,True,Default,Default,Default,Default,Default,Default,Default,Default,Default,Default,Default,Default,Default,Default,Default,Default,Default,Default,Default,True,Default,Default,Default,Default,Default,.NET Core 3.1,Default,Default,Default,Default,Default,Default,Default,Default,Default,Default,Default,Default,"Job-SOGKAI(EvaluateOverhead=True, Server=True, Toolchain=.NET Core 3.1)",,1,Overhead,Actual,4,28200,16384,1.72,1,0,0,680
DriveHelperPerfTestRunner.GetFixedDrives,dotNetTips.Utility.Benchmarks.IO,DriveHelperPerfTestRunner,GetFixedDrives,Job-SOGKAI,Default,True,Default,Default,Default,Default,Default,Default,Default,Default,Default,Default,Default,Default,Default,Default,Default,Default,Default,Default,Default,True,Default,Default,Default,Default,Default,.NET Core 3.1,Default,Default,Default,Default,Default,Default,Default,Default,Default,Default,Default,Default,"Job-SOGKAI(EvaluateOverhead=True, Server=True, Toolchain=.NET Core 3.1)",,1,Overhead,Actual,5,28600,16384,1.75,1,0,0,680
DriveHelperPerfTestRunner.GetFixedDrives,dotNetTips.Utility.Benchmarks.IO,DriveHelperPerfTestRunner,GetFixedDrives,Job-SOGKAI,Default,True,Default,Default,Default,Default,Default,Default,Default,Default,Default,Default,Default,Default,Default,Default,Default,Default,Default,Default,Default,True,Default,Default,Default,Default,Default,.NET Core 3.1,Default,Default,Default,Default,Default,Default,Default,Default,Default,Default,Default,Default,"Job-SOGKAI(EvaluateOverhead=True, Server=True, Toolchain=.NET Core 3.1)",,1,Overhead,Actual,6,29800,16384,1.82,1,0,0,680
DriveHelperPerfTestRunner.GetFixedDrives,dotNetTips.Utility.Benchmarks.IO,DriveHelperPerfTestRunner,GetFixedDrives,Job-SOGKAI,Default,True,Default,Default,Default,Default,Default,Default,Default,Default,Default,Default,Default,Default,Default,Default,Default,Default,Default,Default,Default,True,Default,Default,Default,Default,Default,.NET Core 3.1,Default,Default,Default,Default,Default,Default,Default,Default,Default,Default,Default,Default,"Job-SOGKAI(EvaluateOverhead=True, Server=True, Toolchain=.NET Core 3.1)",,1,Overhead,Actual,7,27900,16384,1.7,1,0,0,680
DriveHelperPerfTestRunner.GetFixedDrives,dotNetTips.Utility.Benchmarks.IO,DriveHelperPerfTestRunner,GetFixedDrives,Job-SOGKAI,Default,True,Default,Default,Default,Default,Default,Default,Default,Default,Default,Default,Default,Default,Default,Default,Default,Default,Default,Default,Default,True,Default,Default,Default,Default,Default,.NET Core 3.1,Default,Default,Default,Default,Default,Default,Default,Default,Default,Default,Default,Default,"Job-SOGKAI(EvaluateOverhead=True, Server=True, Toolchain=.NET Core 3.1)",,1,Overhead,Actual,8,49900,16384,3.05,1,0,0,680
DriveHelperPerfTestRunner.GetFixedDrives,dotNetTips.Utility.Benchmarks.IO,DriveHelperPerfTestRunner,GetFixedDrives,Job-SOGKAI,Default,True,Default,Default,Default,Default,Default,Default,Default,Default,Default,Default,Default,Default,Default,Default,Default,Default,Default,Default,Default,True,Default,Default,Default,Default,Default,.NET Core 3.1,Default,Default,Default,Default,Default,Default,Default,Default,Default,Default,Default,Default,"Job-SOGKAI(EvaluateOverhead=True, Server=True, Toolchain=.NET Core 3.1)",,1,Overhead,Actual,9,36900,16384,2.25,1,0,0,680
DriveHelperPerfTestRunner.GetFixedDrives,dotNetTips.Utility.Benchmarks.IO,DriveHelperPerfTestRunner,GetFixedDrives,Job-SOGKAI,Default,True,Default,Default,Default,Default,Default,Default,Default,Default,Default,Default,Default,Default,Default,Default,Default,Default,Default,Default,Default,True,Default,Default,Default,Default,Default,.NET Core 3.1,Default,Default,Default,Default,Default,Default,Default,Default,Default,Default,Default,Default,"Job-SOGKAI(EvaluateOverhead=True, Server=True, Toolchain=.NET Core 3.1)",,1,Overhead,Actual,10,29500,16384,1.8,1,0,0,680
DriveHelperPerfTestRunner.GetFixedDrives,dotNetTips.Utility.Benchmarks.IO,DriveHelperPerfTestRunner,GetFixedDrives,Job-SOGKAI,Default,True,Default,Default,Default,Default,Default,Default,Default,Default,Default,Default,Default,Default,Default,Default,Default,Default,Default,Default,Default,True,Default,Default,Default,Default,Default,.NET Core 3.1,Default,Default,Default,Default,Default,Default,Default,Default,Default,Default,Default,Default,"Job-SOGKAI(EvaluateOverhead=True, Server=True, Toolchain=.NET Core 3.1)",,1,Overhead,Actual,11,31100,16384,1.9,1,0,0,680
DriveHelperPerfTestRunner.GetFixedDrives,dotNetTips.Utility.Benchmarks.IO,DriveHelperPerfTestRunner,GetFixedDrives,Job-SOGKAI,Default,True,Default,Default,Default,Default,Default,Default,Default,Default,Default,Default,Default,Default,Default,Default,Default,Default,Default,Default,Default,True,Default,Default,Default,Default,Default,.NET Core 3.1,Default,Default,Default,Default,Default,Default,Default,Default,Default,Default,Default,Default,"Job-SOGKAI(EvaluateOverhead=True, Server=True, Toolchain=.NET Core 3.1)",,1,Overhead,Actual,12,32900,16384,2.01,1,0,0,680
DriveHelperPerfTestRunner.GetFixedDrives,dotNetTips.Utility.Benchmarks.IO,DriveHelperPerfTestRunner,GetFixedDrives,Job-SOGKAI,Default,True,Default,Default,Default,Default,Default,Default,Default,Default,Default,Default,Default,Default,Default,Default,Default,Default,Default,Default,Default,True,Default,Default,Default,Default,Default,.NET Core 3.1,Default,Default,Default,Default,Default,Default,Default,Default,Default,Default,Default,Default,"Job-SOGKAI(EvaluateOverhead=True, Server=True, Toolchain=.NET Core 3.1)",,1,Overhead,Actual,13,29200,16384,1.78,1,0,0,680
DriveHelperPerfTestRunner.GetFixedDrives,dotNetTips.Utility.Benchmarks.IO,DriveHelperPerfTestRunner,GetFixedDrives,Job-SOGKAI,Default,True,Default,Default,Default,Default,Default,Default,Default,Default,Default,Default,Default,Default,Default,Default,Default,Default,Default,Default,Default,True,Default,Default,Default,Default,Default,.NET Core 3.1,Default,Default,Default,Default,Default,Default,Default,Default,Default,Default,Default,Default,"Job-SOGKAI(EvaluateOverhead=True, Server=True, Toolchain=.NET Core 3.1)",,1,Overhead,Actual,14,28200,16384,1.72,1,0,0,680
DriveHelperPerfTestRunner.GetFixedDrives,dotNetTips.Utility.Benchmarks.IO,DriveHelperPerfTestRunner,GetFixedDrives,Job-SOGKAI,Default,True,Default,Default,Default,Default,Default,Default,Default,Default,Default,Default,Default,Default,Default,Default,Default,Default,Default,Default,Default,True,Default,Default,Default,Default,Default,.NET Core 3.1,Default,Default,Default,Default,Default,Default,Default,Default,Default,Default,Default,Default,"Job-SOGKAI(EvaluateOverhead=True, Server=True, Toolchain=.NET Core 3.1)",,1,Overhead,Actual,15,27700,16384,1.69,1,0,0,680
DriveHelperPerfTestRunner.GetFixedDrives,dotNetTips.Utility.Benchmarks.IO,DriveHelperPerfTestRunner,GetFixedDrives,Job-SOGKAI,Default,True,Default,Default,Default,Default,Default,Default,Default,Default,Default,Default,Default,Default,Default,Default,Default,Default,Default,Default,Default,True,Default,Default,Default,Default,Default,.NET Core 3.1,Default,Default,Default,Default,Default,Default,Default,Default,Default,Default,Default,Default,"Job-SOGKAI(EvaluateOverhead=True, Server=True, Toolchain=.NET Core 3.1)",,1,Overhead,Actual,16,27500,16384,1.68,1,0,0,680
DriveHelperPerfTestRunner.GetFixedDrives,dotNetTips.Utility.Benchmarks.IO,DriveHelperPerfTestRunner,GetFixedDrives,Job-SOGKAI,Default,True,Default,Default,Default,Default,Default,Default,Default,Default,Default,Default,Default,Default,Default,Default,Default,Default,Default,Default,Default,True,Default,Default,Default,Default,Default,.NET Core 3.1,Default,Default,Default,Default,Default,Default,Default,Default,Default,Default,Default,Default,"Job-SOGKAI(EvaluateOverhead=True, Server=True, Toolchain=.NET Core 3.1)",,1,Overhead,Actual,17,30100,16384,1.84,1,0,0,680
DriveHelperPerfTestRunner.GetFixedDrives,dotNetTips.Utility.Benchmarks.IO,DriveHelperPerfTestRunner,GetFixedDrives,Job-SOGKAI,Default,True,Default,Default,Default,Default,Default,Default,Default,Default,Default,Default,Default,Default,Default,Default,Default,Default,Default,Default,Default,True,Default,Default,Default,Default,Default,.NET Core 3.1,Default,Default,Default,Default,Default,Default,Default,Default,Default,Default,Default,Default,"Job-SOGKAI(EvaluateOverhead=True, Server=True, Toolchain=.NET Core 3.1)",,1,Overhead,Actual,18,28300,16384,1.73,1,0,0,680
DriveHelperPerfTestRunner.GetFixedDrives,dotNetTips.Utility.Benchmarks.IO,DriveHelperPerfTestRunner,GetFixedDrives,Job-SOGKAI,Default,True,Default,Default,Default,Default,Default,Default,Default,Default,Default,Default,Default,Default,Default,Default,Default,Default,Default,Default,Default,True,Default,Default,Default,Default,Default,.NET Core 3.1,Default,Default,Default,Default,Default,Default,Default,Default,Default,Default,Default,Default,"Job-SOGKAI(EvaluateOverhead=True, Server=True, Toolchain=.NET Core 3.1)",,1,Workload,Warmup,1,510529000,16384,31160.22,1,0,0,680
DriveHelperPerfTestRunner.GetFixedDrives,dotNetTips.Utility.Benchmarks.IO,DriveHelperPerfTestRunner,GetFixedDrives,Job-SOGKAI,Default,True,Default,Default,Default,Default,Default,Default,Default,Default,Default,Default,Default,Default,Default,Default,Default,Default,Default,Default,Default,True,Default,Default,Default,Default,Default,.NET Core 3.1,Default,Default,Default,Default,Default,Default,Default,Default,Default,Default,Default,Default,"Job-SOGKAI(EvaluateOverhead=True, Server=True, Toolchain=.NET Core 3.1)",,1,Workload,Warmup,2,515608300,16384,31470.23,1,0,0,680
DriveHelperPerfTestRunner.GetFixedDrives,dotNetTips.Utility.Benchmarks.IO,DriveHelperPerfTestRunner,GetFixedDrives,Job-SOGKAI,Default,True,Default,Default,Default,Default,Default,Default,Default,Default,Default,Default,Default,Default,Default,Default,Default,Default,Default,Default,Default,True,Default,Default,Default,Default,Default,.NET Core 3.1,Default,Default,Default,Default,Default,Default,Default,Default,Default,Default,Default,Default,"Job-SOGKAI(EvaluateOverhead=True, Server=True, Toolchain=.NET Core 3.1)",,1,Workload,Warmup,3,511255700,16384,31204.57,1,0,0,680
DriveHelperPerfTestRunner.GetFixedDrives,dotNetTips.Utility.Benchmarks.IO,DriveHelperPerfTestRunner,GetFixedDrives,Job-SOGKAI,Default,True,Default,Default,Default,Default,Default,Default,Default,Default,Default,Default,Default,Default,Default,Default,Default,Default,Default,Default,Default,True,Default,Default,Default,Default,Default,.NET Core 3.1,Default,Default,Default,Default,Default,Default,Default,Default,Default,Default,Default,Default,"Job-SOGKAI(EvaluateOverhead=True, Server=True, Toolchain=.NET Core 3.1)",,1,Workload,Warmup,4,510130800,16384,31135.91,1,0,0,680
DriveHelperPerfTestRunner.GetFixedDrives,dotNetTips.Utility.Benchmarks.IO,DriveHelperPerfTestRunner,GetFixedDrives,Job-SOGKAI,Default,True,Default,Default,Default,Default,Default,Default,Default,Default,Default,Default,Default,Default,Default,Default,Default,Default,Default,Default,Default,True,Default,Default,Default,Default,Default,.NET Core 3.1,Default,Default,Default,Default,Default,Default,Default,Default,Default,Default,Default,Default,"Job-SOGKAI(EvaluateOverhead=True, Server=True, Toolchain=.NET Core 3.1)",,1,Workload,Warmup,5,510636900,16384,31166.8,1,0,0,680
DriveHelperPerfTestRunner.GetFixedDrives,dotNetTips.Utility.Benchmarks.IO,DriveHelperPerfTestRunner,GetFixedDrives,Job-SOGKAI,Default,True,Default,Default,Default,Default,Default,Default,Default,Default,Default,Default,Default,Default,Default,Default,Default,Default,Default,Default,Default,True,Default,Default,Default,Default,Default,.NET Core 3.1,Default,Default,Default,Default,Default,Default,Default,Default,Default,Default,Default,Default,"Job-SOGKAI(EvaluateOverhead=True, Server=True, Toolchain=.NET Core 3.1)",,1,Workload,Warmup,6,513965200,16384,31369.95,1,0,0,680
DriveHelperPerfTestRunner.GetFixedDrives,dotNetTips.Utility.Benchmarks.IO,DriveHelperPerfTestRunner,GetFixedDrives,Job-SOGKAI,Default,True,Default,Default,Default,Default,Default,Default,Default,Default,Default,Default,Default,Default,Default,Default,Default,Default,Default,Default,Default,True,Default,Default,Default,Default,Default,.NET Core 3.1,Default,Default,Default,Default,Default,Default,Default,Default,Default,Default,Default,Default,"Job-SOGKAI(EvaluateOverhead=True, Server=True, Toolchain=.NET Core 3.1)",,1,Workload,Warmup,7,513440800,16384,31337.94,1,0,0,680
DriveHelperPerfTestRunner.GetFixedDrives,dotNetTips.Utility.Benchmarks.IO,DriveHelperPerfTestRunner,GetFixedDrives,Job-SOGKAI,Default,True,Default,Default,Default,Default,Default,Default,Default,Default,Default,Default,Default,Default,Default,Default,Default,Default,Default,Default,Default,True,Default,Default,Default,Default,Default,.NET Core 3.1,Default,Default,Default,Default,Default,Default,Default,Default,Default,Default,Default,Default,"Job-SOGKAI(EvaluateOverhead=True, Server=True, Toolchain=.NET Core 3.1)",,1,Workload,Actual,1,522279500,16384,31877.41,1,0,0,680
DriveHelperPerfTestRunner.GetFixedDrives,dotNetTips.Utility.Benchmarks.IO,DriveHelperPerfTestRunner,GetFixedDrives,Job-SOGKAI,Default,True,Default,Default,Default,Default,Default,Default,Default,Default,Default,Default,Default,Default,Default,Default,Default,Default,Default,Default,Default,True,Default,Default,Default,Default,Default,.NET Core 3.1,Default,Default,Default,Default,Default,Default,Default,Default,Default,Default,Default,Default,"Job-SOGKAI(EvaluateOverhead=True, Server=True, Toolchain=.NET Core 3.1)",,1,Workload,Actual,2,506469100,16384,30912.42,1,0,0,680
DriveHelperPerfTestRunner.GetFixedDrives,dotNetTips.Utility.Benchmarks.IO,DriveHelperPerfTestRunner,GetFixedDrives,Job-SOGKAI,Default,True,Default,Default,Default,Default,Default,Default,Default,Default,Default,Default,Default,Default,Default,Default,Default,Default,Default,Default,Default,True,Default,Default,Default,Default,Default,.NET Core 3.1,Default,Default,Default,Default,Default,Default,Default,Default,Default,Default,Default,Default,"Job-SOGKAI(EvaluateOverhead=True, Server=True, Toolchain=.NET Core 3.1)",,1,Workload,Actual,3,510860200,16384,31180.43,1,0,0,680
DriveHelperPerfTestRunner.GetFixedDrives,dotNetTips.Utility.Benchmarks.IO,DriveHelperPerfTestRunner,GetFixedDrives,Job-SOGKAI,Default,True,Default,Default,Default,Default,Default,Default,Default,Default,Default,Default,Default,Default,Default,Default,Default,Default,Default,Default,Default,True,Default,Default,Default,Default,Default,.NET Core 3.1,Default,Default,Default,Default,Default,Default,Default,Default,Default,Default,Default,Default,"Job-SOGKAI(EvaluateOverhead=True, Server=True, Toolchain=.NET Core 3.1)",,1,Workload,Actual,4,509357900,16384,31088.74,1,0,0,680
DriveHelperPerfTestRunner.GetFixedDrives,dotNetTips.Utility.Benchmarks.IO,DriveHelperPerfTestRunner,GetFixedDrives,Job-SOGKAI,Default,True,Default,Default,Default,Default,Default,Default,Default,Default,Default,Default,Default,Default,Default,Default,Default,Default,Default,Default,Default,True,Default,Default,Default,Default,Default,.NET Core 3.1,Default,Default,Default,Default,Default,Default,Default,Default,Default,Default,Default,Default,"Job-SOGKAI(EvaluateOverhead=True, Server=True, Toolchain=.NET Core 3.1)",,1,Workload,Actual,5,510360900,16384,31149.96,1,0,0,680
DriveHelperPerfTestRunner.GetFixedDrives,dotNetTips.Utility.Benchmarks.IO,DriveHelperPerfTestRunner,GetFixedDrives,Job-SOGKAI,Default,True,Default,Default,Default,Default,Default,Default,Default,Default,Default,Default,Default,Default,Default,Default,Default,Default,Default,Default,Default,True,Default,Default,Default,Default,Default,.NET Core 3.1,Default,Default,Default,Default,Default,Default,Default,Default,Default,Default,Default,Default,"Job-SOGKAI(EvaluateOverhead=True, Server=True, Toolchain=.NET Core 3.1)",,1,Workload,Actual,6,515354500,16384,31454.74,1,0,0,680
DriveHelperPerfTestRunner.GetFixedDrives,dotNetTips.Utility.Benchmarks.IO,DriveHelperPerfTestRunner,GetFixedDrives,Job-SOGKAI,Default,True,Default,Default,Default,Default,Default,Default,Default,Default,Default,Default,Default,Default,Default,Default,Default,Default,Default,Default,Default,True,Default,Default,Default,Default,Default,.NET Core 3.1,Default,Default,Default,Default,Default,Default,Default,Default,Default,Default,Default,Default,"Job-SOGKAI(EvaluateOverhead=True, Server=True, Toolchain=.NET Core 3.1)",,1,Workload,Actual,7,514445700,16384,31399.27,1,0,0,680
DriveHelperPerfTestRunner.GetFixedDrives,dotNetTips.Utility.Benchmarks.IO,DriveHelperPerfTestRunner,GetFixedDrives,Job-SOGKAI,Default,True,Default,Default,Default,Default,Default,Default,Default,Default,Default,Default,Default,Default,Default,Default,Default,Default,Default,Default,Default,True,Default,Default,Default,Default,Default,.NET Core 3.1,Default,Default,Default,Default,Default,Default,Default,Default,Default,Default,Default,Default,"Job-SOGKAI(EvaluateOverhead=True, Server=True, Toolchain=.NET Core 3.1)",,1,Workload,Actual,8,514860700,16384,31424.6,1,0,0,680
DriveHelperPerfTestRunner.GetFixedDrives,dotNetTips.Utility.Benchmarks.IO,DriveHelperPerfTestRunner,GetFixedDrives,Job-SOGKAI,Default,True,Default,Default,Default,Default,Default,Default,Default,Default,Default,Default,Default,Default,Default,Default,Default,Default,Default,Default,Default,True,Default,Default,Default,Default,Default,.NET Core 3.1,Default,Default,Default,Default,Default,Default,Default,Default,Default,Default,Default,Default,"Job-SOGKAI(EvaluateOverhead=True, Server=True, Toolchain=.NET Core 3.1)",,1,Workload,Actual,9,512441800,16384,31276.97,1,0,0,680
DriveHelperPerfTestRunner.GetFixedDrives,dotNetTips.Utility.Benchmarks.IO,DriveHelperPerfTestRunner,GetFixedDrives,Job-SOGKAI,Default,True,Default,Default,Default,Default,Default,Default,Default,Default,Default,Default,Default,Default,Default,Default,Default,Default,Default,Default,Default,True,Default,Default,Default,Default,Default,.NET Core 3.1,Default,Default,Default,Default,Default,Default,Default,Default,Default,Default,Default,Default,"Job-SOGKAI(EvaluateOverhead=True, Server=True, Toolchain=.NET Core 3.1)",,1,Workload,Actual,10,512081200,16384,31254.96,1,0,0,680
DriveHelperPerfTestRunner.GetFixedDrives,dotNetTips.Utility.Benchmarks.IO,DriveHelperPerfTestRunner,GetFixedDrives,Job-SOGKAI,Default,True,Default,Default,Default,Default,Default,Default,Default,Default,Default,Default,Default,Default,Default,Default,Default,Default,Default,Default,Default,True,Default,Default,Default,Default,Default,.NET Core 3.1,Default,Default,Default,Default,Default,Default,Default,Default,Default,Default,Default,Default,"Job-SOGKAI(EvaluateOverhead=True, Server=True, Toolchain=.NET Core 3.1)",,1,Workload,Actual,11,511280000,16384,31206.05,1,0,0,680
DriveHelperPerfTestRunner.GetFixedDrives,dotNetTips.Utility.Benchmarks.IO,DriveHelperPerfTestRunner,GetFixedDrives,Job-SOGKAI,Default,True,Default,Default,Default,Default,Default,Default,Default,Default,Default,Default,Default,Default,Default,Default,Default,Default,Default,Default,Default,True,Default,Default,Default,Default,Default,.NET Core 3.1,Default,Default,Default,Default,Default,Default,Default,Default,Default,Default,Default,Default,"Job-SOGKAI(EvaluateOverhead=True, Server=True, Toolchain=.NET Core 3.1)",,1,Workload,Actual,12,514729600,16384,31416.6,1,0,0,680
DriveHelperPerfTestRunner.GetFixedDrives,dotNetTips.Utility.Benchmarks.IO,DriveHelperPerfTestRunner,GetFixedDrives,Job-SOGKAI,Default,True,Default,Default,Default,Default,Default,Default,Default,Default,Default,Default,Default,Default,Default,Default,Default,Default,Default,Default,Default,True,Default,Default,Default,Default,Default,.NET Core 3.1,Default,Default,Default,Default,Default,Default,Default,Default,Default,Default,Default,Default,"Job-SOGKAI(EvaluateOverhead=True, Server=True, Toolchain=.NET Core 3.1)",,1,Workload,Actual,13,503676700,16384,30741.99,1,0,0,680
DriveHelperPerfTestRunner.GetFixedDrives,dotNetTips.Utility.Benchmarks.IO,DriveHelperPerfTestRunner,GetFixedDrives,Job-SOGKAI,Default,True,Default,Default,Default,Default,Default,Default,Default,Default,Default,Default,Default,Default,Default,Default,Default,Default,Default,Default,Default,True,Default,Default,Default,Default,Default,.NET Core 3.1,Default,Default,Default,Default,Default,Default,Default,Default,Default,Default,Default,Default,"Job-SOGKAI(EvaluateOverhead=True, Server=True, Toolchain=.NET Core 3.1)",,1,Workload,Actual,14,512445500,16384,31277.19,1,0,0,680
DriveHelperPerfTestRunner.GetFixedDrives,dotNetTips.Utility.Benchmarks.IO,DriveHelperPerfTestRunner,GetFixedDrives,Job-SOGKAI,Default,True,Default,Default,Default,Default,Default,Default,Default,Default,Default,Default,Default,Default,Default,Default,Default,Default,Default,Default,Default,True,Default,Default,Default,Default,Default,.NET Core 3.1,Default,Default,Default,Default,Default,Default,Default,Default,Default,Default,Default,Default,"Job-SOGKAI(EvaluateOverhead=True, Server=True, Toolchain=.NET Core 3.1)",,1,Workload,Actual,15,511610600,16384,31226.23,1,0,0,680
DriveHelperPerfTestRunner.GetFixedDrives,dotNetTips.Utility.Benchmarks.IO,DriveHelperPerfTestRunner,GetFixedDrives,Job-SOGKAI,Default,True,Default,Default,Default,Default,Default,Default,Default,Default,Default,Default,Default,Default,Default,Default,Default,Default,Default,Default,Default,True,Default,Default,Default,Default,Default,.NET Core 3.1,Default,Default,Default,Default,Default,Default,Default,Default,Default,Default,Default,Default,"Job-SOGKAI(EvaluateOverhead=True, Server=True, Toolchain=.NET Core 3.1)",,1,Workload,Result,1,506440200,16384,30910.66,1,0,0,680
DriveHelperPerfTestRunner.GetFixedDrives,dotNetTips.Utility.Benchmarks.IO,DriveHelperPerfTestRunner,GetFixedDrives,Job-SOGKAI,Default,True,Default,Default,Default,Default,Default,Default,Default,Default,Default,Default,Default,Default,Default,Default,Default,Default,Default,Default,Default,True,Default,Default,Default,Default,Default,.NET Core 3.1,Default,Default,Default,Default,Default,Default,Default,Default,Default,Default,Default,Default,"Job-SOGKAI(EvaluateOverhead=True, Server=True, Toolchain=.NET Core 3.1)",,1,Workload,Result,2,510831300,16384,31178.67,1,0,0,680
DriveHelperPerfTestRunner.GetFixedDrives,dotNetTips.Utility.Benchmarks.IO,DriveHelperPerfTestRunner,GetFixedDrives,Job-SOGKAI,Default,True,Default,Default,Default,Default,Default,Default,Default,Default,Default,Default,Default,Default,Default,Default,Default,Default,Default,Default,Default,True,Default,Default,Default,Default,Default,.NET Core 3.1,Default,Default,Default,Default,Default,Default,Default,Default,Default,Default,Default,Default,"Job-SOGKAI(EvaluateOverhead=True, Server=True, Toolchain=.NET Core 3.1)",,1,Workload,Result,3,509329000,16384,31086.98,1,0,0,680
DriveHelperPerfTestRunner.GetFixedDrives,dotNetTips.Utility.Benchmarks.IO,DriveHelperPerfTestRunner,GetFixedDrives,Job-SOGKAI,Default,True,Default,Default,Default,Default,Default,Default,Default,Default,Default,Default,Default,Default,Default,Default,Default,Default,Default,Default,Default,True,Default,Default,Default,Default,Default,.NET Core 3.1,Default,Default,Default,Default,Default,Default,Default,Default,Default,Default,Default,Default,"Job-SOGKAI(EvaluateOverhead=True, Server=True, Toolchain=.NET Core 3.1)",,1,Workload,Result,4,510332000,16384,31148.19,1,0,0,680
DriveHelperPerfTestRunner.GetFixedDrives,dotNetTips.Utility.Benchmarks.IO,DriveHelperPerfTestRunner,GetFixedDrives,Job-SOGKAI,Default,True,Default,Default,Default,Default,Default,Default,Default,Default,Default,Default,Default,Default,Default,Default,Default,Default,Default,Default,Default,True,Default,Default,Default,Default,Default,.NET Core 3.1,Default,Default,Default,Default,Default,Default,Default,Default,Default,Default,Default,Default,"Job-SOGKAI(EvaluateOverhead=True, Server=True, Toolchain=.NET Core 3.1)",,1,Workload,Result,5,515325600,16384,31452.98,1,0,0,680
DriveHelperPerfTestRunner.GetFixedDrives,dotNetTips.Utility.Benchmarks.IO,DriveHelperPerfTestRunner,GetFixedDrives,Job-SOGKAI,Default,True,Default,Default,Default,Default,Default,Default,Default,Default,Default,Default,Default,Default,Default,Default,Default,Default,Default,Default,Default,True,Default,Default,Default,Default,Default,.NET Core 3.1,Default,Default,Default,Default,Default,Default,Default,Default,Default,Default,Default,Default,"Job-SOGKAI(EvaluateOverhead=True, Server=True, Toolchain=.NET Core 3.1)",,1,Workload,Result,6,514416800,16384,31397.51,1,0,0,680
DriveHelperPerfTestRunner.GetFixedDrives,dotNetTips.Utility.Benchmarks.IO,DriveHelperPerfTestRunner,GetFixedDrives,Job-SOGKAI,Default,True,Default,Default,Default,Default,Default,Default,Default,Default,Default,Default,Default,Default,Default,Default,Default,Default,Default,Default,Default,True,Default,Default,Default,Default,Default,.NET Core 3.1,Default,Default,Default,Default,Default,Default,Default,Default,Default,Default,Default,Default,"Job-SOGKAI(EvaluateOverhead=True, Server=True, Toolchain=.NET Core 3.1)",,1,Workload,Result,7,514831800,16384,31422.84,1,0,0,680
DriveHelperPerfTestRunner.GetFixedDrives,dotNetTips.Utility.Benchmarks.IO,DriveHelperPerfTestRunner,GetFixedDrives,Job-SOGKAI,Default,True,Default,Default,Default,Default,Default,Default,Default,Default,Default,Default,Default,Default,Default,Default,Default,Default,Default,Default,Default,True,Default,Default,Default,Default,Default,.NET Core 3.1,Default,Default,Default,Default,Default,Default,Default,Default,Default,Default,Default,Default,"Job-SOGKAI(EvaluateOverhead=True, Server=True, Toolchain=.NET Core 3.1)",,1,Workload,Result,8,512412900,16384,31275.2,1,0,0,680
DriveHelperPerfTestRunner.GetFixedDrives,dotNetTips.Utility.Benchmarks.IO,DriveHelperPerfTestRunner,GetFixedDrives,Job-SOGKAI,Default,True,Default,Default,Default,Default,Default,Default,Default,Default,Default,Default,Default,Default,Default,Default,Default,Default,Default,Default,Default,True,Default,Default,Default,Default,Default,.NET Core 3.1,Default,Default,Default,Default,Default,Default,Default,Default,Default,Default,Default,Default,"Job-SOGKAI(EvaluateOverhead=True, Server=True, Toolchain=.NET Core 3.1)",,1,Workload,Result,9,512052300,16384,31253.19,1,0,0,680
DriveHelperPerfTestRunner.GetFixedDrives,dotNetTips.Utility.Benchmarks.IO,DriveHelperPerfTestRunner,GetFixedDrives,Job-SOGKAI,Default,True,Default,Default,Default,Default,Default,Default,Default,Default,Default,Default,Default,Default,Default,Default,Default,Default,Default,Default,Default,True,Default,Default,Default,Default,Default,.NET Core 3.1,Default,Default,Default,Default,Default,Default,Default,Default,Default,Default,Default,Default,"Job-SOGKAI(EvaluateOverhead=True, Server=True, Toolchain=.NET Core 3.1)",,1,Workload,Result,10,511251100,16384,31204.29,1,0,0,680
DriveHelperPerfTestRunner.GetFixedDrives,dotNetTips.Utility.Benchmarks.IO,DriveHelperPerfTestRunner,GetFixedDrives,Job-SOGKAI,Default,True,Default,Default,Default,Default,Default,Default,Default,Default,Default,Default,Default,Default,Default,Default,Default,Default,Default,Default,Default,True,Default,Default,Default,Default,Default,.NET Core 3.1,Default,Default,Default,Default,Default,Default,Default,Default,Default,Default,Default,Default,"Job-SOGKAI(EvaluateOverhead=True, Server=True, Toolchain=.NET Core 3.1)",,1,Workload,Result,11,514700700,16384,31414.84,1,0,0,680
DriveHelperPerfTestRunner.GetFixedDrives,dotNetTips.Utility.Benchmarks.IO,DriveHelperPerfTestRunner,GetFixedDrives,Job-SOGKAI,Default,True,Default,Default,Default,Default,Default,Default,Default,Default,Default,Default,Default,Default,Default,Default,Default,Default,Default,Default,Default,True,Default,Default,Default,Default,Default,.NET Core 3.1,Default,Default,Default,Default,Default,Default,Default,Default,Default,Default,Default,Default,"Job-SOGKAI(EvaluateOverhead=True, Server=True, Toolchain=.NET Core 3.1)",,1,Workload,Result,12,503647800,16384,30740.22,1,0,0,680
DriveHelperPerfTestRunner.GetFixedDrives,dotNetTips.Utility.Benchmarks.IO,DriveHelperPerfTestRunner,GetFixedDrives,Job-SOGKAI,Default,True,Default,Default,Default,Default,Default,Default,Default,Default,Default,Default,Default,Default,Default,Default,Default,Default,Default,Default,Default,True,Default,Default,Default,Default,Default,.NET Core 3.1,Default,Default,Default,Default,Default,Default,Default,Default,Default,Default,Default,Default,"Job-SOGKAI(EvaluateOverhead=True, Server=True, Toolchain=.NET Core 3.1)",,1,Workload,Result,13,512416600,16384,31275.43,1,0,0,680
DriveHelperPerfTestRunner.GetFixedDrives,dotNetTips.Utility.Benchmarks.IO,DriveHelperPerfTestRunner,GetFixedDrives,Job-SOGKAI,Default,True,Default,Default,Default,Default,Default,Default,Default,Default,Default,Default,Default,Default,Default,Default,Default,Default,Default,Default,Default,True,Default,Default,Default,Default,Default,.NET Core 3.1,Default,Default,Default,Default,Default,Default,Default,Default,Default,Default,Default,Default,"Job-SOGKAI(EvaluateOverhead=True, Server=True, Toolchain=.NET Core 3.1)",,1,Workload,Result,14,511581700,16384,31224.47,1,0,0,680
DriveHelperPerfTestRunner.GetRemovableDrives,dotNetTips.Utility.Benchmarks.IO,DriveHelperPerfTestRunner,GetRemovableDrives,Job-SOGKAI,Default,True,Default,Default,Default,Default,Default,Default,Default,Default,Default,Default,Default,Default,Default,Default,Default,Default,Default,Default,Default,True,Default,Default,Default,Default,Default,.NET Core 3.1,Default,Default,Default,Default,Default,Default,Default,Default,Default,Default,Default,Default,"Job-SOGKAI(EvaluateOverhead=True, Server=True, Toolchain=.NET Core 3.1)",,1,Overhead,Jitting,1,204800,1,204800,1,0,0,680
DriveHelperPerfTestRunner.GetRemovableDrives,dotNetTips.Utility.Benchmarks.IO,DriveHelperPerfTestRunner,GetRemovableDrives,Job-SOGKAI,Default,True,Default,Default,Default,Default,Default,Default,Default,Default,Default,Default,Default,Default,Default,Default,Default,Default,Default,Default,Default,True,Default,Default,Default,Default,Default,.NET Core 3.1,Default,Default,Default,Default,Default,Default,Default,Default,Default,Default,Default,Default,"Job-SOGKAI(EvaluateOverhead=True, Server=True, Toolchain=.NET Core 3.1)",,1,Workload,Jitting,1,6654700,1,6654700,1,0,0,680
DriveHelperPerfTestRunner.GetRemovableDrives,dotNetTips.Utility.Benchmarks.IO,DriveHelperPerfTestRunner,GetRemovableDrives,Job-SOGKAI,Default,True,Default,Default,Default,Default,Default,Default,Default,Default,Default,Default,Default,Default,Default,Default,Default,Default,Default,Default,Default,True,Default,Default,Default,Default,Default,.NET Core 3.1,Default,Default,Default,Default,Default,Default,Default,Default,Default,Default,Default,Default,"Job-SOGKAI(EvaluateOverhead=True, Server=True, Toolchain=.NET Core 3.1)",,1,Overhead,Jitting,2,201800,16,12612.5,1,0,0,680
DriveHelperPerfTestRunner.GetRemovableDrives,dotNetTips.Utility.Benchmarks.IO,DriveHelperPerfTestRunner,GetRemovableDrives,Job-SOGKAI,Default,True,Default,Default,Default,Default,Default,Default,Default,Default,Default,Default,Default,Default,Default,Default,Default,Default,Default,Default,Default,True,Default,Default,Default,Default,Default,.NET Core 3.1,Default,Default,Default,Default,Default,Default,Default,Default,Default,Default,Default,Default,"Job-SOGKAI(EvaluateOverhead=True, Server=True, Toolchain=.NET Core 3.1)",,1,Workload,Jitting,2,850500,16,53156.25,1,0,0,680
DriveHelperPerfTestRunner.GetRemovableDrives,dotNetTips.Utility.Benchmarks.IO,DriveHelperPerfTestRunner,GetRemovableDrives,Job-SOGKAI,Default,True,Default,Default,Default,Default,Default,Default,Default,Default,Default,Default,Default,Default,Default,Default,Default,Default,Default,Default,Default,True,Default,Default,Default,Default,Default,.NET Core 3.1,Default,Default,Default,Default,Default,Default,Default,Default,Default,Default,Default,Default,"Job-SOGKAI(EvaluateOverhead=True, Server=True, Toolchain=.NET Core 3.1)",,1,Workload,Pilot,1,621000,16,38812.5,1,0,0,680
DriveHelperPerfTestRunner.GetRemovableDrives,dotNetTips.Utility.Benchmarks.IO,DriveHelperPerfTestRunner,GetRemovableDrives,Job-SOGKAI,Default,True,Default,Default,Default,Default,Default,Default,Default,Default,Default,Default,Default,Default,Default,Default,Default,Default,Default,Default,Default,True,Default,Default,Default,Default,Default,.NET Core 3.1,Default,Default,Default,Default,Default,Default,Default,Default,Default,Default,Default,Default,"Job-SOGKAI(EvaluateOverhead=True, Server=True, Toolchain=.NET Core 3.1)",,1,Workload,Pilot,2,1429800,32,44681.25,1,0,0,680
DriveHelperPerfTestRunner.GetRemovableDrives,dotNetTips.Utility.Benchmarks.IO,DriveHelperPerfTestRunner,GetRemovableDrives,Job-SOGKAI,Default,True,Default,Default,Default,Default,Default,Default,Default,Default,Default,Default,Default,Default,Default,Default,Default,Default,Default,Default,Default,True,Default,Default,Default,Default,Default,.NET Core 3.1,Default,Default,Default,Default,Default,Default,Default,Default,Default,Default,Default,Default,"Job-SOGKAI(EvaluateOverhead=True, Server=True, Toolchain=.NET Core 3.1)",,1,Workload,Pilot,3,2546500,64,39789.06,1,0,0,680
DriveHelperPerfTestRunner.GetRemovableDrives,dotNetTips.Utility.Benchmarks.IO,DriveHelperPerfTestRunner,GetRemovableDrives,Job-SOGKAI,Default,True,Default,Default,Default,Default,Default,Default,Default,Default,Default,Default,Default,Default,Default,Default,Default,Default,Default,Default,Default,True,Default,Default,Default,Default,Default,.NET Core 3.1,Default,Default,Default,Default,Default,Default,Default,Default,Default,Default,Default,Default,"Job-SOGKAI(EvaluateOverhead=True, Server=True, Toolchain=.NET Core 3.1)",,1,Workload,Pilot,4,4476700,128,34974.22,1,0,0,680
DriveHelperPerfTestRunner.GetRemovableDrives,dotNetTips.Utility.Benchmarks.IO,DriveHelperPerfTestRunner,GetRemovableDrives,Job-SOGKAI,Default,True,Default,Default,Default,Default,Default,Default,Default,Default,Default,Default,Default,Default,Default,Default,Default,Default,Default,Default,Default,True,Default,Default,Default,Default,Default,.NET Core 3.1,Default,Default,Default,Default,Default,Default,Default,Default,Default,Default,Default,Default,"Job-SOGKAI(EvaluateOverhead=True, Server=True, Toolchain=.NET Core 3.1)",,1,Workload,Pilot,5,9391400,256,36685.16,1,0,0,680
DriveHelperPerfTestRunner.GetRemovableDrives,dotNetTips.Utility.Benchmarks.IO,DriveHelperPerfTestRunner,GetRemovableDrives,Job-SOGKAI,Default,True,Default,Default,Default,Default,Default,Default,Default,Default,Default,Default,Default,Default,Default,Default,Default,Default,Default,Default,Default,True,Default,Default,Default,Default,Default,.NET Core 3.1,Default,Default,Default,Default,Default,Default,Default,Default,Default,Default,Default,Default,"Job-SOGKAI(EvaluateOverhead=True, Server=True, Toolchain=.NET Core 3.1)",,1,Workload,Pilot,6,18267000,512,35677.73,1,0,0,680
DriveHelperPerfTestRunner.GetRemovableDrives,dotNetTips.Utility.Benchmarks.IO,DriveHelperPerfTestRunner,GetRemovableDrives,Job-SOGKAI,Default,True,Default,Default,Default,Default,Default,Default,Default,Default,Default,Default,Default,Default,Default,Default,Default,Default,Default,Default,Default,True,Default,Default,Default,Default,Default,.NET Core 3.1,Default,Default,Default,Default,Default,Default,Default,Default,Default,Default,Default,Default,"Job-SOGKAI(EvaluateOverhead=True, Server=True, Toolchain=.NET Core 3.1)",,1,Workload,Pilot,7,36283700,1024,35433.3,1,0,0,680
DriveHelperPerfTestRunner.GetRemovableDrives,dotNetTips.Utility.Benchmarks.IO,DriveHelperPerfTestRunner,GetRemovableDrives,Job-SOGKAI,Default,True,Default,Default,Default,Default,Default,Default,Default,Default,Default,Default,Default,Default,Default,Default,Default,Default,Default,Default,Default,True,Default,Default,Default,Default,Default,.NET Core 3.1,Default,Default,Default,Default,Default,Default,Default,Default,Default,Default,Default,Default,"Job-SOGKAI(EvaluateOverhead=True, Server=True, Toolchain=.NET Core 3.1)",,1,Workload,Pilot,8,72912800,2048,35601.95,1,0,0,680
DriveHelperPerfTestRunner.GetRemovableDrives,dotNetTips.Utility.Benchmarks.IO,DriveHelperPerfTestRunner,GetRemovableDrives,Job-SOGKAI,Default,True,Default,Default,Default,Default,Default,Default,Default,Default,Default,Default,Default,Default,Default,Default,Default,Default,Default,Default,Default,True,Default,Default,Default,Default,Default,.NET Core 3.1,Default,Default,Default,Default,Default,Default,Default,Default,Default,Default,Default,Default,"Job-SOGKAI(EvaluateOverhead=True, Server=True, Toolchain=.NET Core 3.1)",,1,Workload,Pilot,9,141831500,4096,34626.83,1,0,0,680
DriveHelperPerfTestRunner.GetRemovableDrives,dotNetTips.Utility.Benchmarks.IO,DriveHelperPerfTestRunner,GetRemovableDrives,Job-SOGKAI,Default,True,Default,Default,Default,Default,Default,Default,Default,Default,Default,Default,Default,Default,Default,Default,Default,Default,Default,Default,Default,True,Default,Default,Default,Default,Default,.NET Core 3.1,Default,Default,Default,Default,Default,Default,Default,Default,Default,Default,Default,Default,"Job-SOGKAI(EvaluateOverhead=True, Server=True, Toolchain=.NET Core 3.1)",,1,Workload,Pilot,10,280948100,8192,34295.42,1,0,0,680
DriveHelperPerfTestRunner.GetRemovableDrives,dotNetTips.Utility.Benchmarks.IO,DriveHelperPerfTestRunner,GetRemovableDrives,Job-SOGKAI,Default,True,Default,Default,Default,Default,Default,Default,Default,Default,Default,Default,Default,Default,Default,Default,Default,Default,Default,Default,Default,True,Default,Default,Default,Default,Default,.NET Core 3.1,Default,Default,Default,Default,Default,Default,Default,Default,Default,Default,Default,Default,"Job-SOGKAI(EvaluateOverhead=True, Server=True, Toolchain=.NET Core 3.1)",,1,Workload,Pilot,11,512222000,16384,31263.55,1,0,0,680
DriveHelperPerfTestRunner.GetRemovableDrives,dotNetTips.Utility.Benchmarks.IO,DriveHelperPerfTestRunner,GetRemovableDrives,Job-SOGKAI,Default,True,Default,Default,Default,Default,Default,Default,Default,Default,Default,Default,Default,Default,Default,Default,Default,Default,Default,Default,Default,True,Default,Default,Default,Default,Default,.NET Core 3.1,Default,Default,Default,Default,Default,Default,Default,Default,Default,Default,Default,Default,"Job-SOGKAI(EvaluateOverhead=True, Server=True, Toolchain=.NET Core 3.1)",,1,Overhead,Warmup,1,31400,16384,1.92,1,0,0,680
DriveHelperPerfTestRunner.GetRemovableDrives,dotNetTips.Utility.Benchmarks.IO,DriveHelperPerfTestRunner,GetRemovableDrives,Job-SOGKAI,Default,True,Default,Default,Default,Default,Default,Default,Default,Default,Default,Default,Default,Default,Default,Default,Default,Default,Default,Default,Default,True,Default,Default,Default,Default,Default,.NET Core 3.1,Default,Default,Default,Default,Default,Default,Default,Default,Default,Default,Default,Default,"Job-SOGKAI(EvaluateOverhead=True, Server=True, Toolchain=.NET Core 3.1)",,1,Overhead,Warmup,2,28200,16384,1.72,1,0,0,680
DriveHelperPerfTestRunner.GetRemovableDrives,dotNetTips.Utility.Benchmarks.IO,DriveHelperPerfTestRunner,GetRemovableDrives,Job-SOGKAI,Default,True,Default,Default,Default,Default,Default,Default,Default,Default,Default,Default,Default,Default,Default,Default,Default,Default,Default,Default,Default,True,Default,Default,Default,Default,Default,.NET Core 3.1,Default,Default,Default,Default,Default,Default,Default,Default,Default,Default,Default,Default,"Job-SOGKAI(EvaluateOverhead=True, Server=True, Toolchain=.NET Core 3.1)",,1,Overhead,Warmup,3,28700,16384,1.75,1,0,0,680
DriveHelperPerfTestRunner.GetRemovableDrives,dotNetTips.Utility.Benchmarks.IO,DriveHelperPerfTestRunner,GetRemovableDrives,Job-SOGKAI,Default,True,Default,Default,Default,Default,Default,Default,Default,Default,Default,Default,Default,Default,Default,Default,Default,Default,Default,Default,Default,True,Default,Default,Default,Default,Default,.NET Core 3.1,Default,Default,Default,Default,Default,Default,Default,Default,Default,Default,Default,Default,"Job-SOGKAI(EvaluateOverhead=True, Server=True, Toolchain=.NET Core 3.1)",,1,Overhead,Warmup,4,31500,16384,1.92,1,0,0,680
DriveHelperPerfTestRunner.GetRemovableDrives,dotNetTips.Utility.Benchmarks.IO,DriveHelperPerfTestRunner,GetRemovableDrives,Job-SOGKAI,Default,True,Default,Default,Default,Default,Default,Default,Default,Default,Default,Default,Default,Default,Default,Default,Default,Default,Default,Default,Default,True,Default,Default,Default,Default,Default,.NET Core 3.1,Default,Default,Default,Default,Default,Default,Default,Default,Default,Default,Default,Default,"Job-SOGKAI(EvaluateOverhead=True, Server=True, Toolchain=.NET Core 3.1)",,1,Overhead,Warmup,5,28500,16384,1.74,1,0,0,680
DriveHelperPerfTestRunner.GetRemovableDrives,dotNetTips.Utility.Benchmarks.IO,DriveHelperPerfTestRunner,GetRemovableDrives,Job-SOGKAI,Default,True,Default,Default,Default,Default,Default,Default,Default,Default,Default,Default,Default,Default,Default,Default,Default,Default,Default,Default,Default,True,Default,Default,Default,Default,Default,.NET Core 3.1,Default,Default,Default,Default,Default,Default,Default,Default,Default,Default,Default,Default,"Job-SOGKAI(EvaluateOverhead=True, Server=True, Toolchain=.NET Core 3.1)",,1,Overhead,Warmup,6,34000,16384,2.08,1,0,0,680
DriveHelperPerfTestRunner.GetRemovableDrives,dotNetTips.Utility.Benchmarks.IO,DriveHelperPerfTestRunner,GetRemovableDrives,Job-SOGKAI,Default,True,Default,Default,Default,Default,Default,Default,Default,Default,Default,Default,Default,Default,Default,Default,Default,Default,Default,Default,Default,True,Default,Default,Default,Default,Default,.NET Core 3.1,Default,Default,Default,Default,Default,Default,Default,Default,Default,Default,Default,Default,"Job-SOGKAI(EvaluateOverhead=True, Server=True, Toolchain=.NET Core 3.1)",,1,Overhead,Warmup,7,28500,16384,1.74,1,0,0,680
DriveHelperPerfTestRunner.GetRemovableDrives,dotNetTips.Utility.Benchmarks.IO,DriveHelperPerfTestRunner,GetRemovableDrives,Job-SOGKAI,Default,True,Default,Default,Default,Default,Default,Default,Default,Default,Default,Default,Default,Default,Default,Default,Default,Default,Default,Default,Default,True,Default,Default,Default,Default,Default,.NET Core 3.1,Default,Default,Default,Default,Default,Default,Default,Default,Default,Default,Default,Default,"Job-SOGKAI(EvaluateOverhead=True, Server=True, Toolchain=.NET Core 3.1)",,1,Overhead,Actual,1,28000,16384,1.71,1,0,0,680
DriveHelperPerfTestRunner.GetRemovableDrives,dotNetTips.Utility.Benchmarks.IO,DriveHelperPerfTestRunner,GetRemovableDrives,Job-SOGKAI,Default,True,Default,Default,Default,Default,Default,Default,Default,Default,Default,Default,Default,Default,Default,Default,Default,Default,Default,Default,Default,True,Default,Default,Default,Default,Default,.NET Core 3.1,Default,Default,Default,Default,Default,Default,Default,Default,Default,Default,Default,Default,"Job-SOGKAI(EvaluateOverhead=True, Server=True, Toolchain=.NET Core 3.1)",,1,Overhead,Actual,2,30900,16384,1.89,1,0,0,680
DriveHelperPerfTestRunner.GetRemovableDrives,dotNetTips.Utility.Benchmarks.IO,DriveHelperPerfTestRunner,GetRemovableDrives,Job-SOGKAI,Default,True,Default,Default,Default,Default,Default,Default,Default,Default,Default,Default,Default,Default,Default,Default,Default,Default,Default,Default,Default,True,Default,Default,Default,Default,Default,.NET Core 3.1,Default,Default,Default,Default,Default,Default,Default,Default,Default,Default,Default,Default,"Job-SOGKAI(EvaluateOverhead=True, Server=True, Toolchain=.NET Core 3.1)",,1,Overhead,Actual,3,28800,16384,1.76,1,0,0,680
DriveHelperPerfTestRunner.GetRemovableDrives,dotNetTips.Utility.Benchmarks.IO,DriveHelperPerfTestRunner,GetRemovableDrives,Job-SOGKAI,Default,True,Default,Default,Default,Default,Default,Default,Default,Default,Default,Default,Default,Default,Default,Default,Default,Default,Default,Default,Default,True,Default,Default,Default,Default,Default,.NET Core 3.1,Default,Default,Default,Default,Default,Default,Default,Default,Default,Default,Default,Default,"Job-SOGKAI(EvaluateOverhead=True, Server=True, Toolchain=.NET Core 3.1)",,1,Overhead,Actual,4,28700,16384,1.75,1,0,0,680
DriveHelperPerfTestRunner.GetRemovableDrives,dotNetTips.Utility.Benchmarks.IO,DriveHelperPerfTestRunner,GetRemovableDrives,Job-SOGKAI,Default,True,Default,Default,Default,Default,Default,Default,Default,Default,Default,Default,Default,Default,Default,Default,Default,Default,Default,Default,Default,True,Default,Default,Default,Default,Default,.NET Core 3.1,Default,Default,Default,Default,Default,Default,Default,Default,Default,Default,Default,Default,"Job-SOGKAI(EvaluateOverhead=True, Server=True, Toolchain=.NET Core 3.1)",,1,Overhead,Actual,5,28500,16384,1.74,1,0,0,680
DriveHelperPerfTestRunner.GetRemovableDrives,dotNetTips.Utility.Benchmarks.IO,DriveHelperPerfTestRunner,GetRemovableDrives,Job-SOGKAI,Default,True,Default,Default,Default,Default,Default,Default,Default,Default,Default,Default,Default,Default,Default,Default,Default,Default,Default,Default,Default,True,Default,Default,Default,Default,Default,.NET Core 3.1,Default,Default,Default,Default,Default,Default,Default,Default,Default,Default,Default,Default,"Job-SOGKAI(EvaluateOverhead=True, Server=True, Toolchain=.NET Core 3.1)",,1,Overhead,Actual,6,28400,16384,1.73,1,0,0,680
DriveHelperPerfTestRunner.GetRemovableDrives,dotNetTips.Utility.Benchmarks.IO,DriveHelperPerfTestRunner,GetRemovableDrives,Job-SOGKAI,Default,True,Default,Default,Default,Default,Default,Default,Default,Default,Default,Default,Default,Default,Default,Default,Default,Default,Default,Default,Default,True,Default,Default,Default,Default,Default,.NET Core 3.1,Default,Default,Default,Default,Default,Default,Default,Default,Default,Default,Default,Default,"Job-SOGKAI(EvaluateOverhead=True, Server=True, Toolchain=.NET Core 3.1)",,1,Overhead,Actual,7,28700,16384,1.75,1,0,0,680
DriveHelperPerfTestRunner.GetRemovableDrives,dotNetTips.Utility.Benchmarks.IO,DriveHelperPerfTestRunner,GetRemovableDrives,Job-SOGKAI,Default,True,Default,Default,Default,Default,Default,Default,Default,Default,Default,Default,Default,Default,Default,Default,Default,Default,Default,Default,Default,True,Default,Default,Default,Default,Default,.NET Core 3.1,Default,Default,Default,Default,Default,Default,Default,Default,Default,Default,Default,Default,"Job-SOGKAI(EvaluateOverhead=True, Server=True, Toolchain=.NET Core 3.1)",,1,Overhead,Actual,8,29300,16384,1.79,1,0,0,680
DriveHelperPerfTestRunner.GetRemovableDrives,dotNetTips.Utility.Benchmarks.IO,DriveHelperPerfTestRunner,GetRemovableDrives,Job-SOGKAI,Default,True,Default,Default,Default,Default,Default,Default,Default,Default,Default,Default,Default,Default,Default,Default,Default,Default,Default,Default,Default,True,Default,Default,Default,Default,Default,.NET Core 3.1,Default,Default,Default,Default,Default,Default,Default,Default,Default,Default,Default,Default,"Job-SOGKAI(EvaluateOverhead=True, Server=True, Toolchain=.NET Core 3.1)",,1,Overhead,Actual,9,30700,16384,1.87,1,0,0,680
DriveHelperPerfTestRunner.GetRemovableDrives,dotNetTips.Utility.Benchmarks.IO,DriveHelperPerfTestRunner,GetRemovableDrives,Job-SOGKAI,Default,True,Default,Default,Default,Default,Default,Default,Default,Default,Default,Default,Default,Default,Default,Default,Default,Default,Default,Default,Default,True,Default,Default,Default,Default,Default,.NET Core 3.1,Default,Default,Default,Default,Default,Default,Default,Default,Default,Default,Default,Default,"Job-SOGKAI(EvaluateOverhead=True, Server=True, Toolchain=.NET Core 3.1)",,1,Overhead,Actual,10,28400,16384,1.73,1,0,0,680
DriveHelperPerfTestRunner.GetRemovableDrives,dotNetTips.Utility.Benchmarks.IO,DriveHelperPerfTestRunner,GetRemovableDrives,Job-SOGKAI,Default,True,Default,Default,Default,Default,Default,Default,Default,Default,Default,Default,Default,Default,Default,Default,Default,Default,Default,Default,Default,True,Default,Default,Default,Default,Default,.NET Core 3.1,Default,Default,Default,Default,Default,Default,Default,Default,Default,Default,Default,Default,"Job-SOGKAI(EvaluateOverhead=True, Server=True, Toolchain=.NET Core 3.1)",,1,Overhead,Actual,11,30800,16384,1.88,1,0,0,680
DriveHelperPerfTestRunner.GetRemovableDrives,dotNetTips.Utility.Benchmarks.IO,DriveHelperPerfTestRunner,GetRemovableDrives,Job-SOGKAI,Default,True,Default,Default,Default,Default,Default,Default,Default,Default,Default,Default,Default,Default,Default,Default,Default,Default,Default,Default,Default,True,Default,Default,Default,Default,Default,.NET Core 3.1,Default,Default,Default,Default,Default,Default,Default,Default,Default,Default,Default,Default,"Job-SOGKAI(EvaluateOverhead=True, Server=True, Toolchain=.NET Core 3.1)",,1,Overhead,Actual,12,29600,16384,1.81,1,0,0,680
DriveHelperPerfTestRunner.GetRemovableDrives,dotNetTips.Utility.Benchmarks.IO,DriveHelperPerfTestRunner,GetRemovableDrives,Job-SOGKAI,Default,True,Default,Default,Default,Default,Default,Default,Default,Default,Default,Default,Default,Default,Default,Default,Default,Default,Default,Default,Default,True,Default,Default,Default,Default,Default,.NET Core 3.1,Default,Default,Default,Default,Default,Default,Default,Default,Default,Default,Default,Default,"Job-SOGKAI(EvaluateOverhead=True, Server=True, Toolchain=.NET Core 3.1)",,1,Overhead,Actual,13,28400,16384,1.73,1,0,0,680
DriveHelperPerfTestRunner.GetRemovableDrives,dotNetTips.Utility.Benchmarks.IO,DriveHelperPerfTestRunner,GetRemovableDrives,Job-SOGKAI,Default,True,Default,Default,Default,Default,Default,Default,Default,Default,Default,Default,Default,Default,Default,Default,Default,Default,Default,Default,Default,True,Default,Default,Default,Default,Default,.NET Core 3.1,Default,Default,Default,Default,Default,Default,Default,Default,Default,Default,Default,Default,"Job-SOGKAI(EvaluateOverhead=True, Server=True, Toolchain=.NET Core 3.1)",,1,Overhead,Actual,14,33100,16384,2.02,1,0,0,680
DriveHelperPerfTestRunner.GetRemovableDrives,dotNetTips.Utility.Benchmarks.IO,DriveHelperPerfTestRunner,GetRemovableDrives,Job-SOGKAI,Default,True,Default,Default,Default,Default,Default,Default,Default,Default,Default,Default,Default,Default,Default,Default,Default,Default,Default,Default,Default,True,Default,Default,Default,Default,Default,.NET Core 3.1,Default,Default,Default,Default,Default,Default,Default,Default,Default,Default,Default,Default,"Job-SOGKAI(EvaluateOverhead=True, Server=True, Toolchain=.NET Core 3.1)",,1,Overhead,Actual,15,33300,16384,2.03,1,0,0,680
DriveHelperPerfTestRunner.GetRemovableDrives,dotNetTips.Utility.Benchmarks.IO,DriveHelperPerfTestRunner,GetRemovableDrives,Job-SOGKAI,Default,True,Default,Default,Default,Default,Default,Default,Default,Default,Default,Default,Default,Default,Default,Default,Default,Default,Default,Default,Default,True,Default,Default,Default,Default,Default,.NET Core 3.1,Default,Default,Default,Default,Default,Default,Default,Default,Default,Default,Default,Default,"Job-SOGKAI(EvaluateOverhead=True, Server=True, Toolchain=.NET Core 3.1)",,1,Overhead,Actual,16,28500,16384,1.74,1,0,0,680
DriveHelperPerfTestRunner.GetRemovableDrives,dotNetTips.Utility.Benchmarks.IO,DriveHelperPerfTestRunner,GetRemovableDrives,Job-SOGKAI,Default,True,Default,Default,Default,Default,Default,Default,Default,Default,Default,Default,Default,Default,Default,Default,Default,Default,Default,Default,Default,True,Default,Default,Default,Default,Default,.NET Core 3.1,Default,Default,Default,Default,Default,Default,Default,Default,Default,Default,Default,Default,"Job-SOGKAI(EvaluateOverhead=True, Server=True, Toolchain=.NET Core 3.1)",,1,Overhead,Actual,17,29000,16384,1.77,1,0,0,680
DriveHelperPerfTestRunner.GetRemovableDrives,dotNetTips.Utility.Benchmarks.IO,DriveHelperPerfTestRunner,GetRemovableDrives,Job-SOGKAI,Default,True,Default,Default,Default,Default,Default,Default,Default,Default,Default,Default,Default,Default,Default,Default,Default,Default,Default,Default,Default,True,Default,Default,Default,Default,Default,.NET Core 3.1,Default,Default,Default,Default,Default,Default,Default,Default,Default,Default,Default,Default,"Job-SOGKAI(EvaluateOverhead=True, Server=True, Toolchain=.NET Core 3.1)",,1,Overhead,Actual,18,29100,16384,1.78,1,0,0,680
DriveHelperPerfTestRunner.GetRemovableDrives,dotNetTips.Utility.Benchmarks.IO,DriveHelperPerfTestRunner,GetRemovableDrives,Job-SOGKAI,Default,True,Default,Default,Default,Default,Default,Default,Default,Default,Default,Default,Default,Default,Default,Default,Default,Default,Default,Default,Default,True,Default,Default,Default,Default,Default,.NET Core 3.1,Default,Default,Default,Default,Default,Default,Default,Default,Default,Default,Default,Default,"Job-SOGKAI(EvaluateOverhead=True, Server=True, Toolchain=.NET Core 3.1)",,1,Workload,Warmup,1,517458300,16384,31583.15,1,0,0,680
DriveHelperPerfTestRunner.GetRemovableDrives,dotNetTips.Utility.Benchmarks.IO,DriveHelperPerfTestRunner,GetRemovableDrives,Job-SOGKAI,Default,True,Default,Default,Default,Default,Default,Default,Default,Default,Default,Default,Default,Default,Default,Default,Default,Default,Default,Default,Default,True,Default,Default,Default,Default,Default,.NET Core 3.1,Default,Default,Default,Default,Default,Default,Default,Default,Default,Default,Default,Default,"Job-SOGKAI(EvaluateOverhead=True, Server=True, Toolchain=.NET Core 3.1)",,1,Workload,Warmup,2,511562000,16384,31223.27,1,0,0,680
DriveHelperPerfTestRunner.GetRemovableDrives,dotNetTips.Utility.Benchmarks.IO,DriveHelperPerfTestRunner,GetRemovableDrives,Job-SOGKAI,Default,True,Default,Default,Default,Default,Default,Default,Default,Default,Default,Default,Default,Default,Default,Default,Default,Default,Default,Default,Default,True,Default,Default,Default,Default,Default,.NET Core 3.1,Default,Default,Default,Default,Default,Default,Default,Default,Default,Default,Default,Default,"Job-SOGKAI(EvaluateOverhead=True, Server=True, Toolchain=.NET Core 3.1)",,1,Workload,Warmup,3,511918000,16384,31245,1,0,0,680
DriveHelperPerfTestRunner.GetRemovableDrives,dotNetTips.Utility.Benchmarks.IO,DriveHelperPerfTestRunner,GetRemovableDrives,Job-SOGKAI,Default,True,Default,Default,Default,Default,Default,Default,Default,Default,Default,Default,Default,Default,Default,Default,Default,Default,Default,Default,Default,True,Default,Default,Default,Default,Default,.NET Core 3.1,Default,Default,Default,Default,Default,Default,Default,Default,Default,Default,Default,Default,"Job-SOGKAI(EvaluateOverhead=True, Server=True, Toolchain=.NET Core 3.1)",,1,Workload,Warmup,4,511781400,16384,31236.66,1,0,0,680
DriveHelperPerfTestRunner.GetRemovableDrives,dotNetTips.Utility.Benchmarks.IO,DriveHelperPerfTestRunner,GetRemovableDrives,Job-SOGKAI,Default,True,Default,Default,Default,Default,Default,Default,Default,Default,Default,Default,Default,Default,Default,Default,Default,Default,Default,Default,Default,True,Default,Default,Default,Default,Default,.NET Core 3.1,Default,Default,Default,Default,Default,Default,Default,Default,Default,Default,Default,Default,"Job-SOGKAI(EvaluateOverhead=True, Server=True, Toolchain=.NET Core 3.1)",,1,Workload,Warmup,5,524498000,16384,32012.82,1,0,0,680
DriveHelperPerfTestRunner.GetRemovableDrives,dotNetTips.Utility.Benchmarks.IO,DriveHelperPerfTestRunner,GetRemovableDrives,Job-SOGKAI,Default,True,Default,Default,Default,Default,Default,Default,Default,Default,Default,Default,Default,Default,Default,Default,Default,Default,Default,Default,Default,True,Default,Default,Default,Default,Default,.NET Core 3.1,Default,Default,Default,Default,Default,Default,Default,Default,Default,Default,Default,Default,"Job-SOGKAI(EvaluateOverhead=True, Server=True, Toolchain=.NET Core 3.1)",,1,Workload,Warmup,6,507119500,16384,30952.12,1,0,0,680
DriveHelperPerfTestRunner.GetRemovableDrives,dotNetTips.Utility.Benchmarks.IO,DriveHelperPerfTestRunner,GetRemovableDrives,Job-SOGKAI,Default,True,Default,Default,Default,Default,Default,Default,Default,Default,Default,Default,Default,Default,Default,Default,Default,Default,Default,Default,Default,True,Default,Default,Default,Default,Default,.NET Core 3.1,Default,Default,Default,Default,Default,Default,Default,Default,Default,Default,Default,Default,"Job-SOGKAI(EvaluateOverhead=True, Server=True, Toolchain=.NET Core 3.1)",,1,Workload,Actual,1,513010800,16384,31311.69,1,0,0,680
DriveHelperPerfTestRunner.GetRemovableDrives,dotNetTips.Utility.Benchmarks.IO,DriveHelperPerfTestRunner,GetRemovableDrives,Job-SOGKAI,Default,True,Default,Default,Default,Default,Default,Default,Default,Default,Default,Default,Default,Default,Default,Default,Default,Default,Default,Default,Default,True,Default,Default,Default,Default,Default,.NET Core 3.1,Default,Default,Default,Default,Default,Default,Default,Default,Default,Default,Default,Default,"Job-SOGKAI(EvaluateOverhead=True, Server=True, Toolchain=.NET Core 3.1)",,1,Workload,Actual,2,511282500,16384,31206.21,1,0,0,680
DriveHelperPerfTestRunner.GetRemovableDrives,dotNetTips.Utility.Benchmarks.IO,DriveHelperPerfTestRunner,GetRemovableDrives,Job-SOGKAI,Default,True,Default,Default,Default,Default,Default,Default,Default,Default,Default,Default,Default,Default,Default,Default,Default,Default,Default,Default,Default,True,Default,Default,Default,Default,Default,.NET Core 3.1,Default,Default,Default,Default,Default,Default,Default,Default,Default,Default,Default,Default,"Job-SOGKAI(EvaluateOverhead=True, Server=True, Toolchain=.NET Core 3.1)",,1,Workload,Actual,3,510576600,16384,31163.12,1,0,0,680
DriveHelperPerfTestRunner.GetRemovableDrives,dotNetTips.Utility.Benchmarks.IO,DriveHelperPerfTestRunner,GetRemovableDrives,Job-SOGKAI,Default,True,Default,Default,Default,Default,Default,Default,Default,Default,Default,Default,Default,Default,Default,Default,Default,Default,Default,Default,Default,True,Default,Default,Default,Default,Default,.NET Core 3.1,Default,Default,Default,Default,Default,Default,Default,Default,Default,Default,Default,Default,"Job-SOGKAI(EvaluateOverhead=True, Server=True, Toolchain=.NET Core 3.1)",,1,Workload,Actual,4,511025400,16384,31190.52,1,0,0,680
DriveHelperPerfTestRunner.GetRemovableDrives,dotNetTips.Utility.Benchmarks.IO,DriveHelperPerfTestRunner,GetRemovableDrives,Job-SOGKAI,Default,True,Default,Default,Default,Default,Default,Default,Default,Default,Default,Default,Default,Default,Default,Default,Default,Default,Default,Default,Default,True,Default,Default,Default,Default,Default,.NET Core 3.1,Default,Default,Default,Default,Default,Default,Default,Default,Default,Default,Default,Default,"Job-SOGKAI(EvaluateOverhead=True, Server=True, Toolchain=.NET Core 3.1)",,1,Workload,Actual,5,513863500,16384,31363.74,1,0,0,680
DriveHelperPerfTestRunner.GetRemovableDrives,dotNetTips.Utility.Benchmarks.IO,DriveHelperPerfTestRunner,GetRemovableDrives,Job-SOGKAI,Default,True,Default,Default,Default,Default,Default,Default,Default,Default,Default,Default,Default,Default,Default,Default,Default,Default,Default,Default,Default,True,Default,Default,Default,Default,Default,.NET Core 3.1,Default,Default,Default,Default,Default,Default,Default,Default,Default,Default,Default,Default,"Job-SOGKAI(EvaluateOverhead=True, Server=True, Toolchain=.NET Core 3.1)",,1,Workload,Actual,6,510584800,16384,31163.62,1,0,0,680
DriveHelperPerfTestRunner.GetRemovableDrives,dotNetTips.Utility.Benchmarks.IO,DriveHelperPerfTestRunner,GetRemovableDrives,Job-SOGKAI,Default,True,Default,Default,Default,Default,Default,Default,Default,Default,Default,Default,Default,Default,Default,Default,Default,Default,Default,Default,Default,True,Default,Default,Default,Default,Default,.NET Core 3.1,Default,Default,Default,Default,Default,Default,Default,Default,Default,Default,Default,Default,"Job-SOGKAI(EvaluateOverhead=True, Server=True, Toolchain=.NET Core 3.1)",,1,Workload,Actual,7,510615000,16384,31165.47,1,0,0,680
DriveHelperPerfTestRunner.GetRemovableDrives,dotNetTips.Utility.Benchmarks.IO,DriveHelperPerfTestRunner,GetRemovableDrives,Job-SOGKAI,Default,True,Default,Default,Default,Default,Default,Default,Default,Default,Default,Default,Default,Default,Default,Default,Default,Default,Default,Default,Default,True,Default,Default,Default,Default,Default,.NET Core 3.1,Default,Default,Default,Default,Default,Default,Default,Default,Default,Default,Default,Default,"Job-SOGKAI(EvaluateOverhead=True, Server=True, Toolchain=.NET Core 3.1)",,1,Workload,Actual,8,514267800,16384,31388.42,1,0,0,680
DriveHelperPerfTestRunner.GetRemovableDrives,dotNetTips.Utility.Benchmarks.IO,DriveHelperPerfTestRunner,GetRemovableDrives,Job-SOGKAI,Default,True,Default,Default,Default,Default,Default,Default,Default,Default,Default,Default,Default,Default,Default,Default,Default,Default,Default,Default,Default,True,Default,Default,Default,Default,Default,.NET Core 3.1,Default,Default,Default,Default,Default,Default,Default,Default,Default,Default,Default,Default,"Job-SOGKAI(EvaluateOverhead=True, Server=True, Toolchain=.NET Core 3.1)",,1,Workload,Actual,9,513083100,16384,31316.11,1,0,0,680
DriveHelperPerfTestRunner.GetRemovableDrives,dotNetTips.Utility.Benchmarks.IO,DriveHelperPerfTestRunner,GetRemovableDrives,Job-SOGKAI,Default,True,Default,Default,Default,Default,Default,Default,Default,Default,Default,Default,Default,Default,Default,Default,Default,Default,Default,Default,Default,True,Default,Default,Default,Default,Default,.NET Core 3.1,Default,Default,Default,Default,Default,Default,Default,Default,Default,Default,Default,Default,"Job-SOGKAI(EvaluateOverhead=True, Server=True, Toolchain=.NET Core 3.1)",,1,Workload,Actual,10,513828400,16384,31361.6,1,0,0,680
DriveHelperPerfTestRunner.GetRemovableDrives,dotNetTips.Utility.Benchmarks.IO,DriveHelperPerfTestRunner,GetRemovableDrives,Job-SOGKAI,Default,True,Default,Default,Default,Default,Default,Default,Default,Default,Default,Default,Default,Default,Default,Default,Default,Default,Default,Default,Default,True,Default,Default,Default,Default,Default,.NET Core 3.1,Default,Default,Default,Default,Default,Default,Default,Default,Default,Default,Default,Default,"Job-SOGKAI(EvaluateOverhead=True, Server=True, Toolchain=.NET Core 3.1)",,1,Workload,Actual,11,521225600,16384,31813.09,1,0,0,680
DriveHelperPerfTestRunner.GetRemovableDrives,dotNetTips.Utility.Benchmarks.IO,DriveHelperPerfTestRunner,GetRemovableDrives,Job-SOGKAI,Default,True,Default,Default,Default,Default,Default,Default,Default,Default,Default,Default,Default,Default,Default,Default,Default,Default,Default,Default,Default,True,Default,Default,Default,Default,Default,.NET Core 3.1,Default,Default,Default,Default,Default,Default,Default,Default,Default,Default,Default,Default,"Job-SOGKAI(EvaluateOverhead=True, Server=True, Toolchain=.NET Core 3.1)",,1,Workload,Actual,12,507492500,16384,30974.88,1,0,0,680
DriveHelperPerfTestRunner.GetRemovableDrives,dotNetTips.Utility.Benchmarks.IO,DriveHelperPerfTestRunner,GetRemovableDrives,Job-SOGKAI,Default,True,Default,Default,Default,Default,Default,Default,Default,Default,Default,Default,Default,Default,Default,Default,Default,Default,Default,Default,Default,True,Default,Default,Default,Default,Default,.NET Core 3.1,Default,Default,Default,Default,Default,Default,Default,Default,Default,Default,Default,Default,"Job-SOGKAI(EvaluateOverhead=True, Server=True, Toolchain=.NET Core 3.1)",,1,Workload,Actual,13,511424200,16384,31214.86,1,0,0,680
DriveHelperPerfTestRunner.GetRemovableDrives,dotNetTips.Utility.Benchmarks.IO,DriveHelperPerfTestRunner,GetRemovableDrives,Job-SOGKAI,Default,True,Default,Default,Default,Default,Default,Default,Default,Default,Default,Default,Default,Default,Default,Default,Default,Default,Default,Default,Default,True,Default,Default,Default,Default,Default,.NET Core 3.1,Default,Default,Default,Default,Default,Default,Default,Default,Default,Default,Default,Default,"Job-SOGKAI(EvaluateOverhead=True, Server=True, Toolchain=.NET Core 3.1)",,1,Workload,Actual,14,512914100,16384,31305.79,1,0,0,680
DriveHelperPerfTestRunner.GetRemovableDrives,dotNetTips.Utility.Benchmarks.IO,DriveHelperPerfTestRunner,GetRemovableDrives,Job-SOGKAI,Default,True,Default,Default,Default,Default,Default,Default,Default,Default,Default,Default,Default,Default,Default,Default,Default,Default,Default,Default,Default,True,Default,Default,Default,Default,Default,.NET Core 3.1,Default,Default,Default,Default,Default,Default,Default,Default,Default,Default,Default,Default,"Job-SOGKAI(EvaluateOverhead=True, Server=True, Toolchain=.NET Core 3.1)",,1,Workload,Actual,15,510654600,16384,31167.88,1,0,0,680
DriveHelperPerfTestRunner.GetRemovableDrives,dotNetTips.Utility.Benchmarks.IO,DriveHelperPerfTestRunner,GetRemovableDrives,Job-SOGKAI,Default,True,Default,Default,Default,Default,Default,Default,Default,Default,Default,Default,Default,Default,Default,Default,Default,Default,Default,Default,Default,True,Default,Default,Default,Default,Default,.NET Core 3.1,Default,Default,Default,Default,Default,Default,Default,Default,Default,Default,Default,Default,"Job-SOGKAI(EvaluateOverhead=True, Server=True, Toolchain=.NET Core 3.1)",,1,Workload,Result,1,512981900,16384,31309.93,1,0,0,680
DriveHelperPerfTestRunner.GetRemovableDrives,dotNetTips.Utility.Benchmarks.IO,DriveHelperPerfTestRunner,GetRemovableDrives,Job-SOGKAI,Default,True,Default,Default,Default,Default,Default,Default,Default,Default,Default,Default,Default,Default,Default,Default,Default,Default,Default,Default,Default,True,Default,Default,Default,Default,Default,.NET Core 3.1,Default,Default,Default,Default,Default,Default,Default,Default,Default,Default,Default,Default,"Job-SOGKAI(EvaluateOverhead=True, Server=True, Toolchain=.NET Core 3.1)",,1,Workload,Result,2,511253600,16384,31204.44,1,0,0,680
DriveHelperPerfTestRunner.GetRemovableDrives,dotNetTips.Utility.Benchmarks.IO,DriveHelperPerfTestRunner,GetRemovableDrives,Job-SOGKAI,Default,True,Default,Default,Default,Default,Default,Default,Default,Default,Default,Default,Default,Default,Default,Default,Default,Default,Default,Default,Default,True,Default,Default,Default,Default,Default,.NET Core 3.1,Default,Default,Default,Default,Default,Default,Default,Default,Default,Default,Default,Default,"Job-SOGKAI(EvaluateOverhead=True, Server=True, Toolchain=.NET Core 3.1)",,1,Workload,Result,3,510547700,16384,31161.36,1,0,0,680
DriveHelperPerfTestRunner.GetRemovableDrives,dotNetTips.Utility.Benchmarks.IO,DriveHelperPerfTestRunner,GetRemovableDrives,Job-SOGKAI,Default,True,Default,Default,Default,Default,Default,Default,Default,Default,Default,Default,Default,Default,Default,Default,Default,Default,Default,Default,Default,True,Default,Default,Default,Default,Default,.NET Core 3.1,Default,Default,Default,Default,Default,Default,Default,Default,Default,Default,Default,Default,"Job-SOGKAI(EvaluateOverhead=True, Server=True, Toolchain=.NET Core 3.1)",,1,Workload,Result,4,510996500,16384,31188.75,1,0,0,680
DriveHelperPerfTestRunner.GetRemovableDrives,dotNetTips.Utility.Benchmarks.IO,DriveHelperPerfTestRunner,GetRemovableDrives,Job-SOGKAI,Default,True,Default,Default,Default,Default,Default,Default,Default,Default,Default,Default,Default,Default,Default,Default,Default,Default,Default,Default,Default,True,Default,Default,Default,Default,Default,.NET Core 3.1,Default,Default,Default,Default,Default,Default,Default,Default,Default,Default,Default,Default,"Job-SOGKAI(EvaluateOverhead=True, Server=True, Toolchain=.NET Core 3.1)",,1,Workload,Result,5,513834600,16384,31361.98,1,0,0,680
DriveHelperPerfTestRunner.GetRemovableDrives,dotNetTips.Utility.Benchmarks.IO,DriveHelperPerfTestRunner,GetRemovableDrives,Job-SOGKAI,Default,True,Default,Default,Default,Default,Default,Default,Default,Default,Default,Default,Default,Default,Default,Default,Default,Default,Default,Default,Default,True,Default,Default,Default,Default,Default,.NET Core 3.1,Default,Default,Default,Default,Default,Default,Default,Default,Default,Default,Default,Default,"Job-SOGKAI(EvaluateOverhead=True, Server=True, Toolchain=.NET Core 3.1)",,1,Workload,Result,6,510555900,16384,31161.86,1,0,0,680
DriveHelperPerfTestRunner.GetRemovableDrives,dotNetTips.Utility.Benchmarks.IO,DriveHelperPerfTestRunner,GetRemovableDrives,Job-SOGKAI,Default,True,Default,Default,Default,Default,Default,Default,Default,Default,Default,Default,Default,Default,Default,Default,Default,Default,Default,Default,Default,True,Default,Default,Default,Default,Default,.NET Core 3.1,Default,Default,Default,Default,Default,Default,Default,Default,Default,Default,Default,Default,"Job-SOGKAI(EvaluateOverhead=True, Server=True, Toolchain=.NET Core 3.1)",,1,Workload,Result,7,510586100,16384,31163.7,1,0,0,680
DriveHelperPerfTestRunner.GetRemovableDrives,dotNetTips.Utility.Benchmarks.IO,DriveHelperPerfTestRunner,GetRemovableDrives,Job-SOGKAI,Default,True,Default,Default,Default,Default,Default,Default,Default,Default,Default,Default,Default,Default,Default,Default,Default,Default,Default,Default,Default,True,Default,Default,Default,Default,Default,.NET Core 3.1,Default,Default,Default,Default,Default,Default,Default,Default,Default,Default,Default,Default,"Job-SOGKAI(EvaluateOverhead=True, Server=True, Toolchain=.NET Core 3.1)",,1,Workload,Result,8,514238900,16384,31386.65,1,0,0,680
DriveHelperPerfTestRunner.GetRemovableDrives,dotNetTips.Utility.Benchmarks.IO,DriveHelperPerfTestRunner,GetRemovableDrives,Job-SOGKAI,Default,True,Default,Default,Default,Default,Default,Default,Default,Default,Default,Default,Default,Default,Default,Default,Default,Default,Default,Default,Default,True,Default,Default,Default,Default,Default,.NET Core 3.1,Default,Default,Default,Default,Default,Default,Default,Default,Default,Default,Default,Default,"Job-SOGKAI(EvaluateOverhead=True, Server=True, Toolchain=.NET Core 3.1)",,1,Workload,Result,9,513054200,16384,31314.34,1,0,0,680
DriveHelperPerfTestRunner.GetRemovableDrives,dotNetTips.Utility.Benchmarks.IO,DriveHelperPerfTestRunner,GetRemovableDrives,Job-SOGKAI,Default,True,Default,Default,Default,Default,Default,Default,Default,Default,Default,Default,Default,Default,Default,Default,Default,Default,Default,Default,Default,True,Default,Default,Default,Default,Default,.NET Core 3.1,Default,Default,Default,Default,Default,Default,Default,Default,Default,Default,Default,Default,"Job-SOGKAI(EvaluateOverhead=True, Server=True, Toolchain=.NET Core 3.1)",,1,Workload,Result,10,513799500,16384,31359.83,1,0,0,680
DriveHelperPerfTestRunner.GetRemovableDrives,dotNetTips.Utility.Benchmarks.IO,DriveHelperPerfTestRunner,GetRemovableDrives,Job-SOGKAI,Default,True,Default,Default,Default,Default,Default,Default,Default,Default,Default,Default,Default,Default,Default,Default,Default,Default,Default,Default,Default,True,Default,Default,Default,Default,Default,.NET Core 3.1,Default,Default,Default,Default,Default,Default,Default,Default,Default,Default,Default,Default,"Job-SOGKAI(EvaluateOverhead=True, Server=True, Toolchain=.NET Core 3.1)",,1,Workload,Result,11,507463600,16384,30973.12,1,0,0,680
DriveHelperPerfTestRunner.GetRemovableDrives,dotNetTips.Utility.Benchmarks.IO,DriveHelperPerfTestRunner,GetRemovableDrives,Job-SOGKAI,Default,True,Default,Default,Default,Default,Default,Default,Default,Default,Default,Default,Default,Default,Default,Default,Default,Default,Default,Default,Default,True,Default,Default,Default,Default,Default,.NET Core 3.1,Default,Default,Default,Default,Default,Default,Default,Default,Default,Default,Default,Default,"Job-SOGKAI(EvaluateOverhead=True, Server=True, Toolchain=.NET Core 3.1)",,1,Workload,Result,12,511395300,16384,31213.09,1,0,0,680
DriveHelperPerfTestRunner.GetRemovableDrives,dotNetTips.Utility.Benchmarks.IO,DriveHelperPerfTestRunner,GetRemovableDrives,Job-SOGKAI,Default,True,Default,Default,Default,Default,Default,Default,Default,Default,Default,Default,Default,Default,Default,Default,Default,Default,Default,Default,Default,True,Default,Default,Default,Default,Default,.NET Core 3.1,Default,Default,Default,Default,Default,Default,Default,Default,Default,Default,Default,Default,"Job-SOGKAI(EvaluateOverhead=True, Server=True, Toolchain=.NET Core 3.1)",,1,Workload,Result,13,512885200,16384,31304.03,1,0,0,680
DriveHelperPerfTestRunner.GetRemovableDrives,dotNetTips.Utility.Benchmarks.IO,DriveHelperPerfTestRunner,GetRemovableDrives,Job-SOGKAI,Default,True,Default,Default,Default,Default,Default,Default,Default,Default,Default,Default,Default,Default,Default,Default,Default,Default,Default,Default,Default,True,Default,Default,Default,Default,Default,.NET Core 3.1,Default,Default,Default,Default,Default,Default,Default,Default,Default,Default,Default,Default,"Job-SOGKAI(EvaluateOverhead=True, Server=True, Toolchain=.NET Core 3.1)",,1,Workload,Result,14,510625700,16384,31166.12,1,0,0,680
